track_id,track_name,artist_name,listeners,playcount
TRK-941E096D6489,Development safe,Linda Moore,1199,2945
TRK-20763EAED54B,Issue ten,Helen Bailey,31,217
TRK-A8A5AB1195C7,Shoulder pattern day,Jamie Rogers,147452,955965
TRK-C3DFB2032EA7,Perform chance,Melissa Potter,96,106
TRK-A179C462C75D,Lose better whole,Joseph Martinez PhD,89388,273540
TRK-0455AB48ACFB,Experience themselves,Cynthia Smith,7,7
TRK-EAEDDACDE403,Deal reveal,Amanda Lewis,41,46
TRK-859175786E68,Chance success,Melissa Murphy,541,1413
TRK-92A56594E684,Team condition when if,Roberto Williamson,176,205
TRK-643B79F368E4,Education seven,Kyle Cline,454,1163
TRK-929B2C422F07,Interest assume air,Katrina Davis,1825,7213
TRK-07FD7433A243,Him he gas,Catherine Beck,11307,135000
TRK-41B7CA3E4189,Thousand pressure me,Priscilla Reed,29649,265772
TRK-10239FA42BA2,Which identify feel,Ryan King,350,772
TRK-B99DCB93246A,Seven card,Mr. Mark Arnold,300,1184
TRK-FEA353FE496D,Bar clear catch,Christopher Simpson,79,163
TRK-955636214AC6,Senior wife,Eric Martin,207,382
TRK-366F798074A4,Who gun call street,Erin Howell,64,360
TRK-8C33D14CB78D,Relationship,Nichole Lawson,3789,23518
TRK-3CFA5E18A240,Already middle,Margaret Ramsey,141,557
TRK-A862032151AC,Past,Margaret Gardner,71014,242858
TRK-C9CD3E7A7692,Hour leader,Suzanne Reed,6010,17490
TRK-6056BA37D0EE,Ok,Joel Hull,23556,199212
TRK-2D05EF53F9E5,It gas,Daniel Lewis,263,1522
TRK-FD322E5EFD6E,House reduce,Laura Butler,1371,3511
TRK-F94EA7B21E8D,Race cultural bring,Kevin Brown,351,2540
TRK-80416E23DD93,Ever large glass,James Chaney,2833,6858
TRK-804313DC17F9,Guess class affect,Alex Shaw,1725,5021
TRK-3D5C43E9C814,Experience might,Dave Reese,2015,6212
TRK-8546E4EFB034,Civil quite,Sarah Simpson,26032,131112
TRK-506C4FAFB27C,Discussion act,Kevin Hurley,39,53
TRK-16B76BB8D2A5,Return teach,Eddie Welch,4378,14826
TRK-C45EF70BF0DC,True,Caroline Lara,552116,2749638
TRK-D3A0C7415CD6,View market,Jennifer Harris,379,3507
TRK-18190B0895B3,Stay take push you,Scott Carter,78,118
TRK-2D08B57E1263,Hand argue commercial,William Fox,883,2125
TRK-2CF97E93DA42,Source good determine,Christopher Bowman,1490,5830
TRK-B0E613B5343A,Her life,Amanda Henry,119570,574320
TRK-04987C652FED,Option,Blake Haynes,143528,1146019
TRK-F961DC82D221,Development,Mary Russell,32890,91077
TRK-BFD6B1C58E37,Entire fast adult,Cole Johnson,146,203
TRK-00659CC15275,Require,Sara Brown,344,4582
TRK-0BCD4C03BEAA,People his simple,Jim Roberts,11652,49539
TRK-0BC54CD61A97,Play range eight,Christine Rhodes,4091,19774
TRK-B2513E0DDA0A,Growth letter,Anthony Durham,29,69
TRK-6D2D7CF00492,Again large,Savannah Hernandez,14,20
TRK-1848EAEC15D7,Above,Joseph Garcia,18369,69430
TRK-A56761805072,Plan less player,Jose Wagner,158,646
TRK-2D9ACF184548,East,Harold Christian,189294,1384132
TRK-9069E0DDB8EF,Among yet more,Daniel Wilkins,1767,5468
TRK-C46696C6E974,Factor owner,Tonya Collins,358,951
TRK-2D8A26B0A65F,Exist material,Samantha Berger,11,15
TRK-BFCDB29DA53B,Remain building the,John Schultz,10629,39020
TRK-4C0423AB827C,My skin,Chad Smith,40745,219972
TRK-4C867E3CBC32,Because after impact think,Matthew Flores,40,80
TRK-9EEE82CE9CB9,Five picture,Jennifer Gay,12,26
TRK-E2D2A8A4C038,Follow detail,Caitlin Campbell,2196,7377
TRK-AA0BE8E8C911,Most improve hour,Alan Adkins,10340,36573
TRK-6C058BC978B9,Son modern,Andrew Young,69,132
TRK-6C0F907B4C12,Some performance,Chelsea Thompson,4475,15304
TRK-475674BAF15F,Read,Bryan Trujillo,7255,32092
TRK-9674AFCAB240,Only address,Manuel Yang,1027,3853
TRK-904A59132C0C,Poor,Brenda Wyatt,73090,436250
TRK-5F3C3194F45F,Seek,Sean Shelton,90115,512172
TRK-7F0FC921F0B4,Social,Lauren Morris,7925,69922
TRK-47252EB2DF4B,Environment,Anna Davis,98433,901115
TRK-BBB3DE53F7EA,Article,Christopher Martinez,1571,5007
TRK-A8C5E0894A13,Total job,Colton Hudson,87880,408135
TRK-D2E7898211E9,Region on them song,Kyle Gomez Jr.,4883,12155
TRK-F1A946C25F82,Child impact note,Anna Sellers,81,608
TRK-45AC6AA6DF27,Similar what,Samantha Harper,360,401
TRK-C35D1E5099F2,Institution,Lori Day,113821,991433
TRK-2E6BD5445E59,Summer girl commercial,Joseph Randall,82090,350558
TRK-2E5411E440F9,Have test,Jennifer Kline,60057,484148
TRK-F17A6009AD32,Lay them,Pamela Nguyen,1588,8256
TRK-1F7EFCB7C585,Parent of teach,Cindy Figueroa,724,3481
TRK-1F865DF54883,Beautiful,Katherine Smith,710737,3743091
TRK-3ECC4270D1B4,Rich pressure better,Colleen Jones,43033,384785
TRK-4B91A74B617D,Until government,Joshua Miles,63,79
TRK-4B79A30E47B8,Though maintain,Veronica Sellers,283,1186
TRK-DA3975ECEC85,List,Caitlin Smith,62020,719787
TRK-99EB2E2C2291,Stuff painting hand,Tracy Deleon,2787,14875
TRK-2A7FAB9D8757,South,Kenneth Yoder,138559,2705703
TRK-C4DB871E561C,Coach red just,John Clayton,148207,2318883
TRK-5E6B061E60AB,People religious it,Kenneth Kent,50083,553171
TRK-2ADDFA513D26,Base,Anthony Walker,12374,64949
TRK-821031FC49DB,Ground,Dean Russell,109518,990936
TRK-6DA17CE62E6A,Son former six follow beat,Jessica Perez,638,1932
TRK-0562567B4137,Dream,Andrea Hernandez,147905,2036694
TRK-0C09A5433748,Kind authority be,Jared Velez,393810,4002075
TRK-9C3C3B5053A7,When contain,Paul Fritz,897,2564
TRK-7E8F2B4680CD,Sort write save,Alejandra Santos,13708,80844
TRK-D42259A56D38,Him risk mouth,Rebecca Mcdaniel,16,24
TRK-156850ABA904,Challenge choose same,Jason Thomas,6,17
TRK-82D2DF1E4E84,Door,Dr. William Gill Jr.,386693,2654558
TRK-D4169CF6FD4A,Anyone deep,Scott Gray,12366,41160
TRK-CCCFB2BF468B,Call heavy option,Rachael Lloyd,15,17
TRK-9156792A0AAE,Civil same when,Alexander Hill,45503,203704
TRK-BC75F6F328FF,Become on,Elizabeth Steele,9,40
TRK-EA384367B22F,Since prevent TV,Robin Thomas,124,179
TRK-66BBCAE5C67B,Major edge,Richard Potts,1087,4694
TRK-8B8560C96539,Scientist report,Melanie Beck,18,63
TRK-CDC1DC19DA2B,Positive picture,Lindsey Brown,697,3241
TRK-E18417D6E1A6,Market serious simply,Ryan Davis Jr.,113,417
TRK-975E28AB7427,Attack that each,Linda Powell,5712,18419
TRK-9460F175E276,A fact on space,Ashley Morris,2164,5088
TRK-85ACB5EED0E0,Sister several red,Angela Gallagher,9523,41978
TRK-3B7AC075F20B,Visit,Sarah Bell,19486,113445
TRK-7366B18ADFBC,Shoulder design,Joanna Fisher,19,42
TRK-B7E01425B53D,Wife good,Rodney Davis,1259,3026
TRK-10587328AA15,Or,Bradley Martinez,94562,341879
TRK-4176E7357099,Clearly,Yolanda Duarte,44061,252747
TRK-4A1C522E0B6C,You fall decision,Timothy Jones,123936,594854
TRK-C7BF5E6885F1,Attorney,John Ramos,173,415
TRK-63F94C3B23B5,During direction,Alexis Williams,214,362
TRK-886787B6A84E,Benefit fill both,Michael Tanner,90,183
TRK-F581C367465D,Very,Steven Huff,109744,417784
TRK-63E68C14EC9D,So miss office girl they,Grace Cox,464,791
TRK-376A3143297A,Drive,Charles Patterson,1799353,15531084
TRK-0CAF6CB81D12,Major off,Nicole Perkins,68047,504033
TRK-549186D5215C,Meeting song pass store call,Rachel Sullivan,81,162
TRK-3B0055083FBD,Court expect task,Frank Anderson,58,63
TRK-22602F7906C5,Last fall difference,John Skinner,38483,471915
TRK-22619802049F,Sea,Crystal Hawkins,84643,358286
TRK-2A0726803D7D,Good anything manager think,Julie Herrera,142,852
TRK-EF908DDD864D,Media stock career owner,Rhonda Wallace,9,15
TRK-2FEA719F6FEC,Ever,Bruce Larsen,68736,279708
TRK-2FD9B61303C8,Energy best myself,Jillian Stephenson,73760,352744
TRK-4504539B8477,Because world,Christina Wilson,19,31
TRK-05B39C8A6186,Surface full yourself,Steven Smith,123,205
TRK-220461AD65C2,Realize,Emily Freeman,255083,2363815
TRK-939F5F727682,Wrong,Maria Kramer,73387,795512
TRK-66A22CFFE838,Hair blood cover probably,Patricia Vasquez,76,343
TRK-B7E24C61E741,Coach,Danielle Cline,28536,398669
TRK-C9017B9C6D5B,Try debate safe,Jean Holmes,414,1835
TRK-99BB0B1A4651,Product fish,Nancy Hernandez,107,1550
TRK-29E98AB97380,Shoulder,Lisa Mccarthy,35890,167893
TRK-29F1D87C815A,Ever wonder effect,Melissa Brown,42923,170498
TRK-963F6C685E9C,Should read again,Veronica Adams,21311,169433
TRK-44E1EA4BF9E9,Build for,Samantha Snow,353,959
TRK-C539245DC4CF,Attention enter,Denise Alexander,52816,258147
TRK-44E7B512F131,Late soon,Thomas Sutton,30,377
TRK-1EEFC6767DCE,Image same,Thomas Hogan,12,36
TRK-667CEC868859,Kid instead,Sarah Cruz,55700,501206
TRK-7AB0FCABBABC,Environment return,Stephanie Castro,26,34
TRK-AB12090BB028,Water forget,Rachel Beck,6871,20588
TRK-6E58A4FB7D7D,Place piece,Tracy Pope,269288,1156336
TRK-F28FE65F8A9F,Your garden,Natalie Robinson,1565,4065
TRK-8F78C4389A0D,Out never,Curtis Spence,2896,8889
TRK-C03DCBCEED06,Night American last series,Thomas Park,326,1056
TRK-B2131BF74069,Write pull,Jo Perkins,59333,388644
TRK-149DB9EE063F,Test store,Paul Norris,19602,135864
TRK-6E31A09649C9,Career,Sarah Ponce,4976,16671
TRK-44B20FA5C79E,Film,Brandon Barton,28944,354163
TRK-D0782F4EA81E,Major receive,Justin Moore,7222,26325
TRK-4D16B95CDE5B,Of,David Rivas,7876,39362
TRK-7B41DB77BC75,Even,Betty Gomez,51797,476037
TRK-F7BB498B33E5,Total while young light,Daniel Davidson,77,136
TRK-EC256BEADC2F,See or name,Brett Fowler,40136,330338
TRK-1EA85D6B9F1B,Idea type,Terry Jones,1186,4330
TRK-CCA070F21B50,Should blue,Daniel Murphy,12850,71539
TRK-E58707EA347D,Whether,Zachary Adams Jr.,42487,165111
TRK-4F27EFFF8F49,College,John Russell,148566,1544453
TRK-F2AC6F72353B,Strategy line that allow amount,Kyle Clark,6,9
TRK-C57183622BCB,Myself,Samantha Johnson,342194,4400027
TRK-C564952126DE,Work say,Bobby Williams,244777,1771142
TRK-6B7493E9DAEA,Break identify,Dr. William Mason MD,113,258
TRK-619A5EF130A7,Leave outside,Kelsey Nguyen,1917,6019
TRK-BCCC1FFD22DB,Clear sit,Marvin Foster,2150,19529
TRK-0379B052CE3D,Mission ball,Mary Pennington,4035,12151
TRK-F762E48E22A0,Letter,Bobby Andrews,2326,9903
TRK-B867C771EF8D,Large,Donna Cox,24275,112274
TRK-3A35009979BA,End pressure,Nancy Clements,279,783
TRK-DB44DCE84E1C,Western magazine nature force fire,Angela Lowe MD,11,43
TRK-061E2CB5B345,Debate ahead radio,Joshua Romero,3663,8070
TRK-919247E0EBCC,Law,Larry Hansen,34021,85130
TRK-C5AD9B2E1623,Stay not,Tiffany Brooks,432,1367
TRK-142011F02499,Conference read you experience,Amy Shepherd,125,227
TRK-A9CF9FB3C0C4,Once write,Martin Reed,130288,507860
TRK-4F1BF223ECC2,Standard,Nicole Mason,55625,399035
TRK-998ED124C12A,Light would,Glenn Murphy,53,76
TRK-57D0BDE46D9C,Meet,Brandon Clark,3244,11470
TRK-445515CE900D,Best mother fund,James Olson,41634,190388
TRK-19BF4EF75EBE,Book scientist,Crystal Pratt,3040,9148
TRK-4F0DA19749C7,Analysis develop against,Tammy Anderson,51,59
TRK-2942042A8BAF,Kind detail important,Michael Garcia,178,770
TRK-6E8E69F24CD3,Project radio teacher,Jamie Rush,79160,454574
TRK-776FF2252C0F,Still heavy part wall,Michael Cummings,39,99
TRK-DB3492BC6A27,Community word,Claire Jenkins,376,570
TRK-8CE3335630A0,Me thank,Jacob Townsend,783,2653
TRK-1E5FFAE34DD2,Three system full evidence,Amy Lopez,44,119
TRK-CB78647D671F,Only into situation,Andrew Johnson,534,3014
TRK-C7DEF2AAA0C7,Half attorney bring,Russell Flores,498,1398
TRK-5991BCDD07B4,Reach let,Stephen Mitchell,62652,412082
TRK-ED99D77AC703,Relationship,Christina Brown,3789,23518
TRK-C755D0F0C05B,Bar region,Jeremy Yu,118,304
TRK-8E200051F543,Forget major deal,Lori Martinez,688,2477
TRK-764CE9D0A06F,Whose section,Angela Meza,1453,2865
TRK-262B5A2B23DD,Inside walk,Scott Lynch,21281,115606
TRK-69BC500A0237,Upon,Monica Kim,17522,92397
TRK-AD680B64A3C3,Commercial woman offer,Jose Sharp,426,2611
TRK-FAF6FE3987D2,Game store yet,Lauren Carter,4087,18887
TRK-BEB6BA6DE3D3,Often,Douglas Dean,1257334,14590058
TRK-84B198445A9C,Sound this,Emily Bentley,143,324
TRK-57EF7D9624D4,Travel throw,Debra Mullins,4928,22037
TRK-29239FFA4C03,For that,Terry Parks,5312,18685
TRK-B4B3CA8BD7BD,Learn your institution weight add,Tina Mcguire,14,14
TRK-E0780516015A,Let again,Stephanie Fox,830475,13940224
TRK-8F37815313AB,Second office activity,Brandy Richards,118,280
TRK-F31A41FC12A4,Admit why group,Justin Saunders,14235,84694
TRK-319B719D529C,Meet character,Robert Macias,10,10
TRK-E5CD04600F70,American growth on quite,Nathan Harris,744,1013
TRK-0E0525BD1D8E,Hand develop alone,Daniel Hernandez,8220,53297
TRK-A476F1DD338F,School form,Robert Carter,157,382
TRK-A9BC676B256C,Make fly,Jared Peterson,14967,49258
TRK-6F2787478E93,Subject business,Laura Williams,6,8
TRK-C61004C83F6B,Rock field of though,Ethan Scott,419,1094
TRK-4EE671896388,President,Ronald Hernandez,59347,749825
TRK-3242283EA010,Own,Mark Arnold,6739,21696
TRK-5C9A2E55AA35,Could,Harold Price,44402,222669
TRK-E5E3CB4D3F13,Receive,Marcus Webb,2944,5863
TRK-4EF1C262055D,Person arm sign,Robert Pearson,921,2582
TRK-5CC758F7584D,Field someone,Elizabeth Davis,63720,276144
TRK-E8F77FAE5E1E,Party four,Susan Gonzalez,1235894,21676339
TRK-EC97A561A092,Arrive early,Aaron Gordon,112,236
TRK-01508D4DAC19,Hope,Anthony Walker,918841,11658626
TRK-23703CEBC91B,Behavior clearly all lot speech,Raymond Wood,45,50
TRK-BA6FBF1DFF44,Figure impact cup,Teresa Boyer,1251,4635
TRK-E629956ADB87,Foreign idea goal,Bridget Williamson,85,486
TRK-E636AAD8D497,Series just agreement say,Carly Baker,101,397
TRK-FE2180147DBB,Well opportunity,Courtney Smith,279,449
TRK-6AD06790E3DD,Protect better,Gabriella Dennis,72066,199994
TRK-489B81C50275,Professional home act,Carolyn Collins,9104,47287
TRK-23CFA2FE8D92,Cup,Martha Pierce,19564,271443
TRK-65934C17BA83,Term such education,Tamara Coleman,40,70
TRK-728656130955,Such second ago,Jack Lambert,7621,27663
TRK-629443C3E4C2,Next,Terry Wood,223959,2112793
TRK-62961C556C8C,Heart smile,Charles Bautista,369,851
TRK-3369BD07C8A5,Side,Mark Castro,434213,2497718
TRK-06BD4B173905,Instead born nearly,Thomas Hinton,23,436
TRK-B069A9D45DB9,Line yourself,Jennifer Smith,9,272
TRK-B499A2718E7E,Often wind increase,Janet Briggs,757,2178
TRK-8ECDFACFCAA7,Compare,Robert Fletcher,46863,218888
TRK-C64ADB734CBA,Near,Elizabeth Curtis,91818,647033
TRK-A676E198E552,Half central,Ricky Barajas,527,701
TRK-9203D663744E,Off,Elizabeth Villa,10049,52229
TRK-819D44A07361,Grow do,Janice Ramirez,147,318
TRK-27DBE8A58139,Herself,Sarah Richardson,458,866
TRK-DF22B2F87190,Different,Stacy Murphy,182447,2733429
TRK-C67F010AD661,Boy true,Erin Wilson,312724,2601751
TRK-CC2D27314127,Family,Regina Roman,120415,761825
TRK-EE88734A2929,Tree,Rebecca Campbell,82337,324831
TRK-FE33423B92AB,Threat often important,Benjamin Madden,52,64
TRK-5BCDC58931BD,Woman treat,Stanley Baldwin,66,175
TRK-338893706A8D,Morning continue,Valerie Garcia,105,294
TRK-C863EA6D9686,Up water shoulder,Brent Richards,2728,11474
TRK-722F6EED3A3E,Day cut maintain second,John Hughes,502,908
TRK-1AD4DD433786,Issue,Susan Harris,31791,386945
TRK-C24552673E88,Help chance travel,Todd Rodriguez,3751,15883
TRK-A210CCDC7ED9,Four guy,Jordan Stark,25,457
TRK-27C7E126F5B5,Long provide,Elizabeth Phillips,24,104
TRK-DF005E838DAA,Surface international,Charles Powell,15,56
TRK-5B6CE6A9A16C,Culture I adult,Mrs. Cheryl Black MD,270,652
TRK-76CEC8295651,Position start finish share,Kimberly Everett,129,170
TRK-F42C7A963A0E,Agent,Brenda Mcdonald,4721,11804
TRK-5B851636815C,Address role career,Kelly Stewart,1172,4131
TRK-A3ADDBE037A5,Claim statement according,Lindsey Powell,18,115
TRK-FA378BBBB4E9,Economy trade,Whitney Rogers,12,14
TRK-6952DDBF79DC,Green,Kimberly Murray,148129,1557338
TRK-4A55F3F908E1,Red walk lead,Stephanie Lee,3067,22220
TRK-379FBC85F3ED,Size,Pamela Hughes,16386,73927
TRK-59560827AE6C,Investment imagine car,Lisa Lucas,7691,39003
TRK-63D53B617B33,Turn good think purpose,Anthony Russell,11,12
TRK-C1BBB92D807D,Dream within,Gary Perez,259,934
TRK-C1C06A5850F3,Admit college world,Barry Cortez,4571,18551
TRK-69B4E50F3CD2,Summer such PM,Brenda Wilson,236,512
TRK-7FCC55574B28,Serious listen,Tracy Fields,1765,7481
TRK-413ACBA61B65,Under let back piece account,Jerome Shaw,10,11
TRK-7607DCBA673B,Spring support over,William Anderson,2498,9808
TRK-085D927D57EB,Strong,Brittany Davis,358665,3397828
TRK-C138DB551986,Turn certain decide,William Patrick,692,1681
TRK-40BA7F595BBC,Source film program,Teresa Haynes,417,817
TRK-40B4DEAD3F7A,There,Sara Stewart,62197,1000989
TRK-27B0B3CEB54A,Guy everyone,David Garner,47743,209628
TRK-4912D0766FAA,Age source,Patricia Beasley,14,31
TRK-6FF9A20DCAC6,Couple last,Marissa Schwartz,66,210
TRK-C69B3211CE20,National government prevent,Mark Oliver,1495,1797
TRK-345082A9358E,Cell yard,Kimberly Smith,383958,1729394
TRK-DBFEC999F9AA,Assume money economic,Danielle Watkins,8,12
TRK-B011B2F6A759,Should into,Natalie Gomez,499,1713
TRK-DC0DDCB34D0F,Source,Dan Bennett,103470,788251
TRK-8D4D270AF7F1,Husband people money,Kaitlin Gonzalez,104412,798768
TRK-A790B0EEDF7D,Million,Zoe Dunn,59838,372768
TRK-8D72E8978349,Throw,Brian Nichols,66506,629095
TRK-42CAAC432DB1,Poor,William Hughes,73090,436250
TRK-4E6701B6BB7F,Morning teach,William Clark,37537,146977
TRK-FE54AFE44607,Present sit,Edward George,1751,5910
TRK-983B19D0C613,Your I ball tonight,Bradley Jackson,174191,1097757
TRK-9B48F142DF08,Lose factor,James Little,11716,60068
TRK-1B1B992FE847,Compare half,Jim Tyler,832,1440
TRK-C6B75C1F0104,Believe appear,Gail Cherry,14,20
TRK-C6ACF1664B13,Give appear,Ethan Fowler,476,2303
TRK-76B981508CC9,Should significant,William Murphy,8,10
TRK-408181715A70,Senior actually yes popular actually,Wendy Bell,23,26
TRK-FF0A7F8038B4,Baby without fall,Alexis Taylor,59007,418629
TRK-588D54996EDB,Born,Elizabeth Newman,56084,380335
TRK-2719E693F58F,Pull others page,Laurie Watson,1351,6677
TRK-270FA7F1AD7C,Mean language history,Derek Chung,1491,5564
TRK-98677DAF0ADA,Lead begin,Corey Hill,3853,8141
TRK-429A94AE4D19,Camera,Stephanie Roach,94331,371836
TRK-DE91C913480B,Big,Jodi Bishop,152766,1759549
TRK-86642063E225,Role shake yeah body,Joshua Stone,31,48
TRK-BD8DBF858CF7,Drop company level,Haley Bishop,3632,13029
TRK-34BDDD38E39C,Any out,Felicia Cook,24,47
TRK-BA0AA8D4CA3A,Current gun bit,Juan Vaughn,49639,196674
TRK-5B0E9AF416D8,Method as act above even,Colleen Wilson,2628,16628
TRK-A7746C500576,Spend sure news,Brian Bautista,553,1583
TRK-9923D42A1C6B,Recognize fly,Allison Hale,26,40
TRK-FA6961C32E53,Practice rather,Nathan Mcneil,292,639
TRK-112CCFEFBB97,Us office,Anthony Cantrell,52,57
TRK-1123BDB019CF,Put,James Knight,34730,112319
TRK-6369A07A6C64,Commercial similar its,Kevin Pitts,10,10
TRK-889093F2A8F0,Create man,Nicole Rodriguez,60,442
TRK-35167093197C,Cold,Brian Peterson,703303,5016698
TRK-387D69A2DDDE,Scientist improve,Whitney Hill,41,56
TRK-71F59F5BF2DC,Like,Bradley Le,520847,11767307
TRK-C834289792D5,Civil,Kenneth Schmidt,2966,16362
TRK-80F89E5894C6,Three call per,Cindy Clarke,24299,88254
TRK-113F377D5EA2,Whole around window,Laura Richardson,8673,49042
TRK-A016F4A8DD26,Nice step final guy,Austin Raymond,35,42
TRK-0F429B4E83C1,Detail mother radio,Michael Thomas,3382,20907
TRK-0F2E085AF45D,Respond theory trouble,Claudia Davis,525,1846
TRK-F506CF11B502,Day worry building,Mary Murray,202720,1155183
TRK-26D43A475407,Throw leave,Darrell Dodson,10911,38748
TRK-26CBBC377D19,Would exactly between mind,Anita Torres,28,45
TRK-4E2646D24E5F,We,Andrew Bartlett,41272,257775
TRK-79AF781D862E,Foot food,Diana Jackson,75,634
TRK-79B14ED40D4A,Land check huge,Travis Figueroa,389,503
TRK-87610733A851,Sea name picture,Andrea Miller,274500,2317597
TRK-7D76B09CD94A,On person,Rachel Li,76,219
TRK-A91BFD0F9FB3,Letter know clear,Roy Jackson,14206,246117
TRK-A00E11208238,Cover even reason thank second,Cheryl Hansen,33,130
TRK-64D304333608,Wind agreement,Kevin Bryant,27,69
TRK-084FCB3E9E39,Yourself act,Mr. Walter Sullivan MD,50,184
TRK-07A69363B197,Growth task,Jeremiah Cox,2853,6468
TRK-07A7B4B53507,Participant herself something,Danielle Conway,231,718
TRK-DDE874CD412C,Simple political,Kyle Hendricks,15,29
TRK-35A0B67783E6,Rise head,Heather Fitzgerald,172949,1145315
TRK-988C0B568CA1,Watch,Daniel Oconnell,946043,11397068
TRK-0787E7387DEE,Toward consumer,Philip Rice,1432,3736
TRK-9241CFF80F55,Order floor author,Monica Collier,1221,7645
TRK-63A55667CCA1,Painting back rich,Angel Phillips,30687,190727
TRK-DE248B245373,Vote both challenge,Michael Flores,29,32
TRK-C70D124DB9C4,Time entire,Richard Mcdaniel,49,171
TRK-F5022663EE97,Simple common deep,Robert Ortiz,5885,33021
TRK-D9080F73FD92,Budget,Adrian Coleman,8895,42792
TRK-87E5DAFC3CF3,Speak top,Zachary Henderson,46403,308210
TRK-F08F320C9FCD,Great message next you,Donna Lawson,4362,13979
TRK-96AC737CDB60,Tend scientist,Lauren Roberts,26,42
TRK-FD5205FC52D7,Certainly politics,Patricia Nash,7,12
TRK-677F0FC0D24B,Dinner,Jesse Parker,88102,392991
TRK-0013872D465F,Each together,Richard Massey,7361,25813
TRK-D13203E105E1,Next better,Tim Baker,488714,6005422
TRK-FEA8D6EB81DA,Those know star,Ruben Williamson,65541,493038
TRK-B45290C09AFF,Turn memory finally,Christopher Mitchell,1224,2870
TRK-B453924B9BD9,Space,Joseph Duncan,70614,677658
TRK-C9F922E0B135,American peace three,Isaac Young,627,2942
TRK-EB86C8F8E35D,Charge rest point,Derek Parker,3788,10379
TRK-968C99BBEAB0,Million side,Nicholas Fowler,832,2592
TRK-BC3180D36592,Well sit,Sandra Flores,33216,116770
TRK-5FE0C7F6852D,Look begin,Helen Miller,30,3285
TRK-5FE5F57F90A3,Challenge,Benjamin Allison,17207,102659
TRK-047F6AC44B06,As best,Anthony Hernandez,178,320
TRK-2026830BE1DB,Alone let,Lisa Mckenzie,153,426
TRK-558CFB4CCB0B,Better,Ann Hancock,803227,9008631
TRK-8C140190471E,Organization life create,Thomas Clark,451,1376
TRK-AF0C7131C804,Street close,Jason Woods,109,196
TRK-FF9131E9C908,At season begin,Joseph Hampton,10505,26127
TRK-47D1C027397F,Since between other,Margaret Keith,150085,1269862
TRK-9368913BB9F1,Near hand nature,Amanda Harding,3605,8316
TRK-870E416718AB,Well drug,George Freeman,14094,61433
TRK-6490E4B4912E,Want black,Rebecca Brown,1300,4042
TRK-A176BFA5CAEE,Outside former official,Lisa Barnes,154,390
TRK-8C269F80CF3F,Whose,Tina Gregory,500,849
TRK-92DF94CEED91,Always make real,Michael Jackson,32015,412194
TRK-346B05C52A40,Later pay message,Samuel Gardner,17465,88162
TRK-F41D3279EB7E,Firm director trip,Aaron Lewis,564,1587
TRK-A1B225C6CBEC,Any paper,Laura Watson,2696,14266
TRK-46CD48F68587,Politics,Steven Barker,134396,1902799
TRK-4F08FBD13E0E,Born early,Nathaniel Hall,746,4129
TRK-C85CC6BF8467,Leg three,Leah Kennedy,5342,23980
TRK-7FE2FB04C417,Address owner operation,Sheila Bauer,8,37
TRK-E0A68CD3ED3F,Up,Rebecca Sanchez,662377,5365599
TRK-DCFA54A36741,Talk,Jamie Lucas,583803,9877328
TRK-65E8E5D6FBEA,Production house stand,Brianna Nguyen,73,235
TRK-89ED825EB369,Grow,Sean Wade DDS,40836,229436
TRK-C8642BB0760A,Rather pull,Catherine Pham,8081,19613
TRK-936564AC4451,Account soon,Andrew Gallegos,18,19
TRK-0A177E98D6AF,Future much,Lisa Hall,255,873
TRK-D9AA5E0DC93E,Hour forward particularly,Cassie Rodriguez,515,1404
TRK-BF8089FECA24,Rich,Cheryl Yoder,17681,56454
TRK-8979F3434FE9,Can also conference,Mitchell Young,13,28
TRK-5FC8EE93C2FB,They else season something,Douglas Davis,98,121
TRK-B8DEA26A6A61,Mention left,Taylor Johnston,71,72
TRK-82B310D06B05,Remain,Maurice Stout,244616,1297604
TRK-B60BFE9178AA,North hot commercial dream space,Kevin Huffman,14,23
TRK-17A5BAD9A579,Federal floor,Melissa Hansen,177,435
TRK-4536700BCC27,Imagine whole,Amber Rogers,720,3375
TRK-D878E7990573,Mind buy out,Mr. Phillip Brown,171168,1000854
TRK-E9014B8B491C,Save although,Johnny Serrano,54,81
TRK-13ABB5D82C9E,Serve beyond,Phillip Johnson,59,119
TRK-E8E2042DDAF6,Glass claim,Robert Eaton,2030,7743
TRK-ED2E829B592E,Star,Shirley Ball,408452,4298899
TRK-40724847E56A,Range star win,Peter Odom,8057,33191
TRK-24EF893D810C,How above far,Kevin Phillips,6790,63437
TRK-62C85B0E3939,Total north,Justin Russell,219,982
TRK-4E144B73ACC7,Trouble,Scott Jackson,1707914,13045767
TRK-9546D844F738,Gun professor,Jerry Martinez,6659,12970
TRK-D29A1906DFDA,Movement manager,Pamela Carson,400,739
TRK-4A9115ABA960,Add sell,Mrs. Carolyn Schneider,4289,12320
TRK-9EDC16C2A628,Yeah reveal how,Justin Morrison,2432,8668
TRK-F0192F8F419E,Inside believe,Vincent Williams,1366,7166
TRK-307584B1563C,Kid need front,Anthony Knight,7565,77340
TRK-02026258E889,Know,Shawn Ramirez,611220,4181699
TRK-B6D2B788A43A,Sea radio,Kenneth Robinson,1600,5489
TRK-53492D1A284C,Government fact,Barbara Roberts,153,299
TRK-A61F7E3CE82A,Generation spend ball,Amber Taylor,42892,404664
TRK-1EB8E5CBEC14,Every most second,Wanda Taylor,69571,529546
TRK-9CEC17196129,Moment important,Jordan Rasmussen,39,130
TRK-EEB08A006DA1,Sound ago total order fight,Diana Green,42,44
TRK-D6DE48E659BF,Area whom,Brenda Baker,10,11
TRK-6FE96F21644A,Catch weight to,Juan Edwards,276,1410
TRK-938A94E549F8,Hair,Jason Madden,442886,6502758
TRK-7583E50DB5F1,Small manager,Patrick Hernandez,470,1623
TRK-879CC1F9009B,Almost under agreement culture skin,Kyle Moyer,1110,3884
TRK-7536AAF6580A,Whose,David Parrish,500,849
TRK-9DDA1EAEB318,Hope our about opportunity,Julie Grant,329,1584
TRK-C1DBD9E0C5FB,Cell,Richard Perry,25220,168007
TRK-25FE31CDF76D,Price truth,Latoya Lowe,305,600
TRK-359A24FF21B4,When power majority speak foreign,Robert Harris,351,572
TRK-070909BF733A,Land east,William Taylor,27,53
TRK-85299172B32B,Guy,Nicholas Graham,72719,270741
TRK-FC69C9B576EB,Late city,Amber Myers,53,571
TRK-697ED014B120,Knowledge,Lauren Tyler,95277,492441
TRK-E62B3F48B0DA,Pattern friend,Gabriel Morton,3511,14045
TRK-C088A3935B40,Fine,Ryan Lowe,325926,3434503
TRK-75C5A2F0C96E,Tough may cold,Michele Walker,5133,36681
TRK-3B56D08A8985,Security economic,Catherine Smith,7,9
TRK-CF30AE02A1BB,Next home information,Christina Logan,30691,231833
TRK-C9D28FCA525B,Whom ask then,Charles Myers,146,302
TRK-C129E180B91D,Friend pay,Emily Adkins,66640,546978
TRK-C5DEBCE2E935,Series,Peter Hall,154,371
TRK-CBEC81740212,Argue eye,Lucas Gross,2767,7247
TRK-3589F0EC57EE,Theory per three sound,James Frazier,30,36
TRK-1C980BD049A1,Woman during,John Owen,885,1022
TRK-06129F00BC42,Name somebody,Erika Bailey,49,142
TRK-4DC277898A4D,Cover,Lauren Miller,24744,141560
TRK-88F2937C8F44,Poor nor,Gabriel Poole,373788,3502210
TRK-862CDB3EFC9E,Argue begin,Steven Edwards,238,624
TRK-4BD40D3CB9B6,Agent pattern around,William Rodriguez,786,3678
TRK-A25913A15A40,Early sit,Heather Stephenson,10616,79173
TRK-892B476141CB,Whose maintain,Mr. Cody Garcia MD,2266,6010
TRK-259D62857B1D,Teach condition final,Justin Taylor,1047,4189
TRK-75B914791551,Spring financial amount,Cathy Green,9,15
TRK-28FCE5EA2C62,Doctor this,Cathy Davis,25,53
TRK-528122C0EE93,Author,Antonio Alexander,22629,140014
TRK-09D28DF0EC85,Enter right,Tina Hart,31202,86005
TRK-96362FA6578F,Enough source industry,Karen Allen,109,267
TRK-E8B4A4852ACB,Do arm,Jennifer Morgan,14787,71246
TRK-E2E9ADC39898,Population public water,Latoya Johns,1231,4307
TRK-828276EE92E8,Authority,Deanna Newton,1008,6092
TRK-71A249E017BA,Tough training voice,Mr. David Roberson,2801,10039
TRK-5E4993480E8D,Human picture compare,Zachary Jones,17573,57943
TRK-E336373508D3,Animal draw although,Stephen Ho,1422,3352
TRK-3279F9323CC9,Institution explain middle,Emily Douglas,36,154
TRK-B28E9279278C,Never rise nature,Karen Weaver,2801,17516
TRK-4CFF09CEE805,Run allow,Molly Rogers,195,737
TRK-81A646E7F7C7,At chance subject fund,Joseph Martin,100,237
TRK-A143F8D6460E,Notice value,Charles Brown,58,243
TRK-DAE130B09654,Hope sound offer,Dakota Hanna,550,756
TRK-B1F7DCF4E2C9,Blood poor operation,Shannon Hull,2145,6908
TRK-E0AD8F2F8D41,Source box,Mark Sanchez,94,243
TRK-1A6CF2841A11,Rich,Andrew Collins,17681,56454
TRK-E5540E93B6E4,What man,James Day,183,1397
TRK-4C11EC506E23,Place travel budget,Robert Alvarez,481,620
TRK-522D5F6760EE,Only,James Morgan,568396,10954150
TRK-2BA00963D792,Already two return,Bryan Crawford,52118,315012
TRK-6FDD0D284970,Management stock,Patrick Fischer,31,122
TRK-1D32650D28FC,Child building quite,Benjamin Flores,5310,16636
TRK-BF81A0244250,Safe weight,Carolyn Scott,217,448
TRK-501EF78DD152,Director,Jacob Rogers,25388,124157
TRK-2055E02D5621,Trade difficult,Joshua Cline,20,23
TRK-F473DECF2A4D,Between term teach,Jessica Brown,28,56
TRK-756A31D502E8,Indeed yourself,Nancy Zhang,173,312
TRK-B96CAB51A564,Very,Edward Brewer,109744,417784
TRK-FCFAE4D299CC,Different ability city,Jose Foster,297204,1627272
TRK-C09864F94819,Student its,Edward Mckinney,18534,952328
TRK-1F9846618964,Character table picture,James Merritt,57,198
TRK-20E8B20DDD33,Thousand song never,Sandy Olson,313595,4546957
TRK-356F8D7D9B2E,Raise,Susan Perry,36000,238020
TRK-C6F2E8326CB4,Character personal,Sara Villa,302,680
TRK-EFF978118B8C,East use charge,Michael Stevens,203,761
TRK-CF0D4D5259D3,Lot,Shannon Lopez,3938,21258
TRK-7AB55379D529,With treatment business when,Lauren Brewer,6,9
TRK-D8F14F99E0DD,Then recognize,Timothy Willis,35,79
TRK-12C80C445220,Seven year decade,Rachel Hendricks,53701,215146
TRK-2942CB0F833F,Over bar walk,Carl Galloway,260255,1294789
TRK-64AF860A2DC6,Role dog,Johnathan Brown,84734,450768
TRK-0B3C30582422,Leave national anything,Jerome Flores,5981,24785
TRK-F6D060E07B38,Machine kitchen,Brandi Brown,16,91
TRK-478A1717C3E6,Open,Amanda Harvey,284703,1513900
TRK-86D31DD9097B,Candidate eight,Paige Calhoun,14,17
TRK-9E7280EB5C44,Manager,Casey Charles,3293,21343
TRK-95CFB23BE424,Morning movement,Taylor Martinez,30,73
TRK-A7C48C1A98BC,Citizen,Jack Nichols,127173,1347885
TRK-2D6E6012F6F7,Yourself fire cost,Nicole Rush,228274,1265173
TRK-93AC76D02C7B,Network fill must,Jennifer Boone,2075,9411
TRK-222105B17D10,Training,Ashley Bauer,8513,16621
TRK-AAA10028089D,Figure star several,Crystal Long,2404,11870
TRK-564A7311DB12,Lay forget road,Sean Cole,8100,52106
TRK-49B35CD492FB,Father,Karen Hall,111351,1435369
TRK-5C9BEB8D8AF7,Trip,Thomas Downs,372083,2937841
TRK-0FD2C5129114,Fly,Matthew Salinas,346991,1714853
TRK-C2934736C064,Technology happen look,Troy Wallace,3723,10358
TRK-2E81EF614E73,Black never yet drop,Angelica Reynolds,102,608
TRK-78DAC35BE0D2,Him agree,Timothy Beasley,1476,9005
TRK-5B2ED663FB56,Trial respond,Sharon Taylor,40,43
TRK-76B2598230EB,Lot create hour,Cynthia Hayes,435,1237
TRK-69F51B92145B,Public,Hunter Palmer,481646,4024857
TRK-049362D3DCFC,International government,Ashley Murphy,8,9
TRK-9F32FECE6189,Tonight within,Troy Garner,10,18
TRK-C8F13D8A122F,Choice,Ronald Brown,193812,2041858
TRK-8799EFEA977A,Father too,Nathaniel Pitts,1737,4950
TRK-2CFA5B9B8282,After raise,Pamela Todd,1516,6961
TRK-540D2D0B39D3,Personal front,Ashley Miller,19,36
TRK-FE8A9B961BE3,Positive assume behavior,John Bauer,26,152
TRK-7832F5F7BE4C,At history,Thomas Lee,869,1924
TRK-6A7A305A9E26,History travel study,Teresa Lee,975,3087
TRK-B1F357A4D121,Product green,Thomas Jones,2385,5932
TRK-C71F4E1C96BD,Front,Felicia Sanchez,12830,58588
TRK-D594FB2E4D11,Difference wear example,Andrea Brooks,29,29
TRK-07CF6A4BAAEC,Step executive,Joseph Owen,6,10
TRK-BE581EABF97D,Foreign ability,Jerry York,9,201
TRK-83221AF93695,Feeling,Felicia Moran,326175,5083299
TRK-3E3DB2B06255,Author their sister,Heather King,2193,8431
TRK-998D159BAFD8,Third,David Graham,39492,165203
TRK-612EE15FDC6E,Rather ten itself,David Wilkins,938,2052
TRK-859986ADCF95,Myself,Stephanie Patel,342194,4400027
TRK-1E941F3D4090,White,Michael Smith,815004,5308120
TRK-8BBAE795C5AA,Include,Elizabeth Campbell,33408,174037
TRK-F009C51EB3D5,Family employee,Justin Hood,630,676
TRK-F4B7A25364D2,Century year,Timothy Green,9645,29872
TRK-379B95857AAA,Measure,Jacob Vang,1124,2257
TRK-B010AC1D4CFC,Race child compare,Samuel Davis,355,1493
TRK-4E2F7124173C,Maybe my,Brittany Young,92289,892203
TRK-EEDC4D7BE585,None area,Gabrielle Wilson,172,786
TRK-143EC10E1AB7,Should window measure,John Bonilla,374,430
TRK-E5CD1B8AF3A4,Whose simply,Samuel Burke,4238,15065
TRK-4094B2135220,Capital travel,Jill Rojas,23,24
TRK-BA38A78CDA13,Professor free,Kathy Mcconnell,34075,169346
TRK-B4ED5022EFAB,Shake,Mary Taylor,97048,968986
TRK-C364F786F87F,Science building,Shelia French,335,1728
TRK-63C084EDCB44,Role,Anthony Gonzalez,33838,275876
TRK-2FD6CC264AC8,Answer half great,Mark Smith,3361,25488
TRK-8F9533ED1282,Position small lead from,Gary Schultz MD,23,33
TRK-EBC12CD2E7A2,Task,Christopher Phelps,11327,43991
TRK-4E090637EFC8,Impact why ground,Joshua Williams,122,216
TRK-9904FF97B2FA,Different society very,Lori Mckenzie,2277,5137
TRK-53760934D826,Forget TV,Derek Levine,47,278
TRK-4F76D1D5771E,Black back inside character,Joseph Ramos,161,316
TRK-EAD722641BC8,Adult under,Joan Greene,18604,65353
TRK-D0E44A09FCE2,Leader boy performance,George Garcia,71,137
TRK-37CAD8B630C1,Test option half,Michael Bonilla,9,24
TRK-BBBBEC151976,Box why,Sherri Hansen,9099,32491
TRK-173F838E08FB,Grow where,Debra Gonzalez,4602,23259
TRK-7B361BC95830,Site material,Todd Burnett,7367,17214
TRK-4819A4F7796B,Military ball well red six,Amber Trevino DVM,20,20
TRK-8F2E1EFE345E,Better thing,Karen Pratt,639,2808
TRK-E7E9076B8754,Hand foot,Lawrence Reynolds,129,255
TRK-39D0F74CFABE,Point full experience happy,Heather Ramsey,10,11
TRK-2CCA815CC061,President production both,Justin Sanders,21,59
TRK-8D3126A82388,Surface artist,Ronald Chavez,37,44
TRK-6861C4EF569E,Others attorney there,Nancy Wright,1298,11795
TRK-5175E4C35C88,Detail pressure,Rebecca Brown,111,239
TRK-E77F1BC5ABD0,Control significant,Charles Williams,9,12
TRK-F21F872CDE4B,Nor visit,Elizabeth Stanley,34819,112100
TRK-962FE93491C5,Black question successful,Jerry Chandler,12464,76338
TRK-FF9EF3836BD2,Majority cup he,Jennifer Gonzales,2774,13178
TRK-A05947FD278B,Project recognize police,William Reeves,3719,18343
TRK-8D7B31901AA6,Assume,John Smith,14137,89628
TRK-F3708C20612B,Customer little first,Kimberly Lucas,60928,403020
TRK-9924D6495A9E,Or,Albert Harris,94562,341879
TRK-6B61B50C983D,Pretty determine mean,Lynn Fitzgerald,1480,13599
TRK-C814E9731413,Main author,Tyrone Mclaughlin,125,207
TRK-66718EA04077,Property husband job,Angela Foster,76,285
TRK-5DB84DC14A6D,Deep compare,James Barr,14,18
TRK-BE92DD487842,Social seem everything can,Emily Wilson,18,19
TRK-42681DBCFC42,Stuff,Tiffany Irwin,4334,28846
TRK-CA4487005B42,Win few beat,Karen Brown,11407,32198
TRK-9E9FB1B0FD0F,Leader stay,Jenna Gonzalez,23,32
TRK-6A6ABD8FF0A7,Watch need themselves,Karen Marquez,3944,8226
TRK-04F0796D64C3,Practice into,Sheila Shah,74,154
TRK-9978AB7A2195,Teach appear night,Paul Frazier,3143,19079
TRK-09DD84A2C609,Western,Zachary Neal,90353,491368
TRK-B9D471913A3F,Public friend among,Jason Nash,10865,53335
TRK-EC7C8237F6CB,About,Cory Sutton,26370,120668
TRK-57BE2F09C3C3,Pick,Sandra Murray,17550,64376
TRK-6015C3BDAC2F,Protect lawyer as,Gregory Herman,64,77
TRK-3724E90DBE00,Media decide,Stacy Grant,6,13
TRK-6432679E1CB8,Sport mother,Anthony Stewart,21,25
TRK-8425D7251C23,Better by itself,Kevin Clayton,244,963
TRK-A13B873BFA92,Executive anyone,Andrea Foster,4671,19255
TRK-457638237977,Control just,Casey Roberts,161,167
TRK-1D49A099BFAF,Chance space,Steven Scott PhD,31850,95566
TRK-57D883280113,Realize,Derrick Hill,255083,2363815
TRK-9E3B7DC5A4CB,View place,Bonnie Kim,12475,85187
TRK-14408EF16F31,Character let section,Paul Wyatt,1622,5730
TRK-77E157D58CE2,Home rather,Colton Roberts,2593,11370
TRK-86B658D3EA56,Lawyer individual,Micheal Riley,6,8
TRK-BA90B48D6BA9,Enter,Kevin Schmidt,31202,86005
TRK-3D244EDE1F91,Record mother owner,Maxwell Benson,392,1055
TRK-4C3CCBF400AA,Fast research community,John Wagner,2493,4687
TRK-37E90C88F953,Represent public,Christopher Jones,8,84
TRK-A33662FF680A,Letter we kind,Dr. Harold Flores PhD,191161,2021003
TRK-605147989710,Piece learn,Tiffany Trevino,827,3964
TRK-5D0052055E2A,Save him,Nicholas Reeves,73193,325907
TRK-9D1845B0A1C3,Rise foot,Brent Chandler,242,756
TRK-7BF2F3F713A4,Development she,Mary Garcia,108,281
TRK-7938F16539C3,Soldier ready usually,Mary Payne,901,3392
TRK-7027CB7D2CBE,Collection,Alicia Arnold,51688,172828
TRK-E017F180191A,Card agent attack,Lindsey Miller,126,174
TRK-63D576C912F5,Theory full,Christopher Garcia,115,220
TRK-3D254A5AFA4B,Whatever happen,Jason Owens,152985,1073172
TRK-F4EF6FC30D84,Production street,Craig Wright,1418,5164
TRK-8FBE3EDC83C3,Walk like,Reginald Harris,1541,3202
TRK-1C89A1BDBC4F,Skin break,Ryan Henry,250288,1641350
TRK-8BA5A0F927F2,Truth woman interview,John Nichols,23374,66109
TRK-D88942D6C03E,Sort act,Jessica Wong,32115,231183
TRK-885D51179813,Be threat,Kendra Mcdaniel,439,855
TRK-446AB1752A90,Simply board court,Bradley Brooks,17,20
TRK-29D725401090,Majority,Katherine Roach,3747,7945
TRK-C356349EAA9E,You tend want here item,Eric Sheppard,15778,115397
TRK-980017D4289F,Public final market,Justin Brooks,2827,8293
TRK-25C277351F4B,Keep Congress,Daniel Perkins,122,261
TRK-29429615B1DD,So trade,Patricia Hunt,32696,145809
TRK-FE3B0EB31A27,Among executive,Rachel Sims,13,15
TRK-DA4E0619DB76,City approach,Curtis Owens,2799,8826
TRK-3882BC0F549E,Pm itself,Kristina Colon,190,458
TRK-F97ACD7500DB,Include attorney mission Mr great,Megan Gonzalez,8,113
TRK-912959335D96,Alone tonight,Jason Huff,61445,345254
TRK-1884DD6F4290,Often,Christopher Morrow,1257334,14590058
TRK-C890516701F0,Need several generation,Pamela Delacruz,11407,55540
TRK-575D521DE820,House fund,Johnny Kelley,55711,285663
TRK-7A3D1E4DD668,Finally easy exist,Bonnie Roberson,1045,4919
TRK-50DE4F008846,List religious family,Linda Rogers,5776,27766
TRK-62172788E334,Act response,Victoria Martin,146,405
TRK-B20FF20534A3,Action bag,Brian Campos,19605,76225
TRK-90DEA7AAFE31,Chair simple,Elizabeth Combs,4583,17322
TRK-2049A34763E9,Bank,Linda Mercado,137466,853550
TRK-509EDCE5374C,And believe,Adam Bradley,2554,4142
TRK-CF5E17EAED71,Suddenly,Olivia Hoover,76528,747258
TRK-7FBF3C4BB1BB,Other father,Curtis Barnes,219,450
TRK-A56E0C2C8C81,Doctor,Matthew Castillo,139879,1126751
TRK-C4EF89FEBDAE,Each majority,John Jackson,26,262
TRK-B060A36F8D90,Nice,Shane Duke,137014,1146388
TRK-692139A53F95,Produce operation nothing,Samuel Davis,633,3474
TRK-A3E39D295253,Somebody fund,Stanley Salazar,2691,6646
TRK-D21E69109B8B,Risk soldier morning,Patricia Duran,2949,10042
TRK-7560C76C279D,Single,Ronald Chapman,339884,3408270
TRK-A823E61DCFA4,Body senior,Shirley Mccullough,101,963
TRK-FEA58E8FF5C7,Notice capital,Michelle Jackson,254,1036
TRK-7C81AEA90979,Hair southern,Paul Shaw,3340,16081
TRK-3C3243FA6433,Arrive capital,Gabriella Gonzales,49,153
TRK-4D8EC135687D,Economic cold kitchen,Michael Barry,516,3228
TRK-B1424E0434C3,Maybe American then name,Melissa Pierce,70,83
TRK-A3A05EB797BD,White manage political,Katherine Potter,37,89
TRK-C74389B88103,Choice industry,Paul Williams,51,163
TRK-876849E74DE2,Open some,David Mcdowell,23,104
TRK-24625E65CAF7,Growth or,Jason Boyer,25,40
TRK-4C48C752AA79,Seat exist,Eileen Harris MD,27559,83109
TRK-E5A0C8BA41E1,Middle describe financial,Jonathan Gonzalez,8,14
TRK-62F10D52BDCA,Enjoy around,Justin Mcdaniel,241,362
TRK-54CE6F8B73CD,Animal may,Michael Jacobson,759,3161
TRK-5D49FA5A9CDD,Against,Brian Mitchell,50346,186291
TRK-26B7ABF6A81B,Region into behavior,Kimberly Johnson MD,555,1723
TRK-A30ED06C4AD8,Generation,Jeremy Diaz,247070,5496158
TRK-8671CDD7F944,Everything human,Michael Lewis,64,330
TRK-A7AA5624C9D8,Hair,Jason Carpenter,442886,6502758
TRK-B9A9F8AEB45E,Music education early meeting,Robert Mueller,27,45
TRK-F838097975D8,Until travel,Andrew Johnston,179,267
TRK-A451780074E2,Wish owner long,Michael Castaneda,1068,2795
TRK-D838CC2F65D0,Cost laugh,Andrew Brown,7958,37260
TRK-2F3BE8153277,Onto group stuff,Andre Hudson,109,449
TRK-AB8EDE475C75,Ever,Lindsey Drake,68736,279708
TRK-05CD47E80890,Case beautiful,Brian Johnson,315717,1581595
TRK-D4CFA07CC9AD,Itself will if itself career,Christopher Carey,7929,110350
TRK-8A3A852A6F9C,Financial,Angela Davidson,16,26
TRK-F5FD9209124C,Name,Nicolas Mcguire,289585,1478732
TRK-360A4C5D2977,Point,Alexander Hogan,41719,343325
TRK-A24B86B10BB5,Rich most answer,Angela Turner,94146,344041
TRK-4AFE59FB7AE6,Garden a,Ryan Bishop,1218,6848
TRK-8D2DB0190CCD,Whatever mind bring,Susan Rose,77349,317259
TRK-4A10360B192A,Cell order,Charles Williams,65351,278086
TRK-AE5E343EE367,Rest necessary,Brittany Cole,129,221
TRK-5C94E1D5BC53,Themselves store,Alexander Erickson,1823,5575
TRK-1128B2ED1365,Sport,Eric Russell,8455,78625
TRK-747885CE35E8,Property social,Brittney Leon,14,16
TRK-45C498E70B32,Star seem,Shelley Bates,2833,9521
TRK-2F178B8598F5,Fight want choose,Angelica Smith,766,1695
TRK-DB0615E72EE9,Late list,Stephen Richards,94007,597585
TRK-51D16B61426A,Good sure,Cindy Harrell,26710,112237
TRK-DC9ADF007F9B,Concern,Christie Stone,4316,10559
TRK-3E82E87FF12D,Special,Kimberly James,625362,7363799
TRK-F7B4247245A4,All,Shawn Solomon,29623,168406
TRK-C365F0485431,High,John Brandt,689363,3732082
TRK-C1B2F6F51405,Recent,Christopher Benjamin,9075,23285
TRK-E901DA63C087,Week thus much,Nathan Davis,169,561
TRK-E65755F694C5,Sport,Jennifer Carpenter,8455,78625
TRK-B848DDB72957,Great point move newspaper group,Alexis Benson,25,30
TRK-A89CC12BB184,Stand,Dawn Berry,296063,1253249
TRK-92A958B8280E,Education image,Felicia Ewing,36,37
TRK-BE3D6FDDA5A3,Student artist cost,Heidi Jones,186,324
TRK-DE2D51D9E5FF,But always baby,Brittany Preston,680674,5495544
TRK-853FA3A13158,Into laugh,Randy Obrien,927,1852
TRK-C92934C92183,Subject,Timothy Cook,37624,94937
TRK-0968D27E9072,It difference,Christina Finley,368935,2651303
TRK-82CFC12C52B0,Street,Troy Phillips,36979,159712
TRK-7876988B8553,Field evening,John Harris,58,217
TRK-72A4CC355383,Manage difference suffer,Natalie Dominguez,6,20
TRK-7DB42D928EEA,See or,Tamara Cherry,45,136
TRK-FD7FCB9C0046,Believe,Karen Morgan,1161674,7656768
TRK-5629DB5D7984,Meet member short,Rhonda Watson,13,61
TRK-8FDFD48EAF8C,Tell,Justin Thomas,109989,534104
TRK-98B865D22E54,Focus,David Stewart,261134,4256047
TRK-209CE1179954,Because technology sure,Brooke Reynolds,218,648
TRK-187D0EA4FE33,New,Eric Nelson,171559,2171794
TRK-178C26C053F1,However spend his,Adrian Clark,215,440
TRK-248F7F7BCE89,Draw,David Mann,11881,114938
TRK-C8D2C448E6E3,Per,Kimberly Choi,13086,137584
TRK-DF4D42C52010,Concern we,Larry Turner,14,15
TRK-ADEC65D2FCBB,Billion station you production rock,Andrew Phillips,51,76
TRK-5A69B0F5DAE5,Final security,Jason Horton,114,136
TRK-83F6816E3459,Officer role,Todd Martin,12618,72625
TRK-13CCCB1E5560,Different,Christopher Clark,182447,2733429
TRK-70E13D8018C9,Pattern,Robert Pittman,11103,85701
TRK-98F483B6C91A,Key task few,Nathan Escobar,252,1035
TRK-1513E9F0FFF6,Past operation,Susan Tucker,1364,5482
TRK-D41495CCA4A9,Bill,Natalie Mckee,32631,86088
TRK-FA4053F8F855,Later team,Janet Ford,104,211
TRK-42F5FBE064AF,Condition article,David James,45,120
TRK-524124F294B3,Two perhaps prepare,Erica Stephens,2961,16154
TRK-FE046CEBCE5D,Degree,Scott Price,20684,72135
TRK-18851C49F663,Admit exactly,Janet Ross,10,15
TRK-82E3BBC918C1,Poor,Roy Gibbs,73090,436250
TRK-6305E6691498,Give from maintain visit fire,Pamela Gonzalez,4447,20834
TRK-F19A3A09E59D,Take though the my,Michael Prince,160828,941855
TRK-E2FF5A7C9780,Father national month,Monica Rivera,57770,314401
TRK-65AC9DCC319B,Purpose various,Nathaniel Cook,44,1269
TRK-A8AE32E2FDD5,Rather morning mouth how city,Erik Charles,454,905
TRK-30A8B2010055,Baby dark,Maria Sanchez,34,53
TRK-1581EE3357A0,Center crime bad,Tammy Chapman,4786,17704
TRK-218BB49C4ED2,Them hundred yard,Miranda Wade,183,540
TRK-A2FD18C6D404,Operation between,John Kelly,62,176
TRK-AD4E13392591,Blue state,James Chavez,5764,17471
TRK-AD4258C98F82,Along serious,Courtney Nelson,1460,5272
TRK-B981E686DF4B,Trade,Rodney Williams,2417,22242
TRK-5CBB6EC183AC,Ahead scientist billion,Jesse Warren,2289,4606
TRK-22A0375EFD66,Office Congress,Penny Mann,24,45
TRK-119760FB398C,Season parent maintain,Amanda Ramirez,22,33
TRK-5F28EBF6B4B4,Will,Meagan Henderson,15409,37229
TRK-9862267B5D3A,Firm whole,Lisa Hunter,2146,4521
TRK-5B08618BABEF,Of kid,Mark Lopez,34,117
TRK-8F27F6AE38F3,Stock,Robert Wood,23903,126619
TRK-BC2B664EADB4,Remember investment,Paula Howard,15,150
TRK-A9EA50F768D4,Model worry,Steven Santiago,1089,6612
TRK-478FED14DDF3,Soon,Tamara Obrien,677089,5392719
TRK-9333C3561D0F,Son purpose nation,Todd Hunter,907,4119
TRK-32969B05AC7F,Mean,Christopher Young,691654,6743918
TRK-D42A8A4FBB1C,Color capital stand,Danny Collins,24956,196975
TRK-FCB233F3F1B0,Research rock industry,Christopher Brown,8171,21233
TRK-6FAAA0A7B239,Exactly change,Tracy Moran,39,39
TRK-B816F8223B01,Down minute structure,Donald Smith,3509,9438
TRK-CEA71D597F19,Hotel change,Jennifer Thomas,4656,66694
TRK-9A3FE31973A4,Majority amount investment,Isabella Clark,8,9
TRK-C5036761C512,Military,David Johnson,4335,74693
TRK-E98C8100C9F6,Word both key,James Anderson,217842,1734690
TRK-16FB99511975,Many,Mr. Vincent Huff,5136,10995
TRK-D650925E91EB,Actually,Rachel Armstrong DDS,66187,237022
TRK-A0FEF02655FF,Win often reflect,Charles Diaz,286,925
TRK-4FEF3A383EA5,This coach,Jason Ewing,97,126
TRK-A7074EC35550,Employee air of,Shirley Potter,94,112
TRK-BFC5EC67157D,Election,David Sanchez,4158,20456
TRK-FE87F17C2696,Treatment structure everybody,Lisa Haas,23,130
TRK-9EE884496FEA,Act fish first,Eugene Chen,20214,77707
TRK-3AB0CAEEEF9C,Customer,Kevin Ruiz,35821,142889
TRK-F190D0A1738D,Economy throughout interest,Breanna Lawson,24,25
TRK-7DDACE59FF7B,Whose movement,Michael Phillips,7885,20760
TRK-82342A3C507E,Politics fish,Samantha Barnes,33,95
TRK-1D8ED42948B0,Seven executive,Corey Nelson,4080,14785
TRK-B983E7C7E8F3,Republican half,Mr. Eric Garcia PhD,12,21
TRK-8D92DCF86448,North these,Robert Salinas,12744,60390
TRK-E206859E1C3C,Education consumer,Jessica Russell,18,18
TRK-95A60291581A,Truth,Tracy Davis,362389,1940547
TRK-C189A6F54FC8,Sister car hospital,Kristina Ross,605,1586
TRK-71C54B8E9E2D,Instead movie,Tiffany Reynolds,268,882
TRK-64CE0DBE5C37,Health use,Harold Perry,611,1730
TRK-B8A4409200A2,Cultural,Andrea Robinson,492,1162
TRK-BE0103D607B5,Kid might,Christopher Harding,641371,3995908
TRK-7E6F3F7BA52E,Recent begin,Kimberly Bowman,88,281
TRK-7759DDAE99D0,Head,Dr. Colleen Wiggins,52150,114367
TRK-EF35517F0DEB,After,Amy Murray,216409,1207732
TRK-15CDEFB830F1,Sell few,Sarah Macdonald,21401,102933
TRK-4DA9A394D9F0,Contain out,Todd Swanson,916,2418
TRK-F3FEFF0854C2,Seek community,Caitlin Smith,583,701
TRK-6491B57916DB,Simple cause,John Jones,19,46
TRK-6DB57F31B28F,Room,Emma Schmidt,191675,877155
TRK-84E14F0430F0,With system side,Carrie Young,787646,6581156
TRK-ADB6F9D6BE0F,Soon son,Michele Anderson,217556,1525856
TRK-626159D5AAF1,Region,Travis Reese,10171,24262
TRK-D10F2AD9F56E,Conference this detail,Joe Briggs,240,745
TRK-A76641AAB800,Those so,Carrie Yang,138,395
TRK-82E43EE3213E,Movie,Carol Thomas,75303,1087640
TRK-6C667D569318,Community trade,Sara Morrison,21,31
TRK-2F75630D6FCA,Concern poor,Jennifer Gonzalez,15281,154021
TRK-A7E8C2FC06F1,Capital,Kenneth Gonzales,41025,204727
TRK-232E8127F08F,Personal different,Melissa Brady,585,4466
TRK-602625171D28,Still system,Tyler Ramirez,346,768
TRK-F9456CF1D5C8,Population economic week,Holly Jackson,541,703
TRK-805C64ECB458,Someone necessary,Ann Bowman,11,17
TRK-B7D8ABC9670B,Husband middle sense,Elizabeth Hendrix,20720,72649
TRK-C5B97E6A17BE,Record stop,Lacey Johnson,667,3423
TRK-A028EC0A45B5,Manage her,Ashley Mendoza,10,64
TRK-8FADBBD9F4CB,Little since,Andrew Rodriguez,2803,7579
TRK-9AC9FCCA1FF3,Discussion,Wayne Collins,6527,35855
TRK-A2F9EC90112F,Nice environmental,Joshua Christensen,4777,16687
TRK-3541AADA3519,Compare partner listen,Kathleen Gonzalez,28,32
TRK-4D33446F68B6,Early build add these dark,Jennifer Gaines,34,38
TRK-A1EA7850EAB6,East night way article lay,Russell Vasquez,7,31
TRK-42A43A65D516,Realize international,Erika Fernandez,26,67
TRK-0FC23449766A,Until why,Kimberly Smith,17308,55983
TRK-EF792BF472B3,Pick letter,Carol Chase,23040,96300
TRK-44065A55FD30,Eat race,Matthew Boone,1194,4114
TRK-72F86B4B37C6,Heavy less price,Natalie Haney,10991,38908
TRK-C1EABA4CDDC3,Perform,Erik Copeland,80,86
TRK-C92B04C66C4F,Style bit,Michael Figueroa,32,110
TRK-5C7B6AE547C4,Describe whole education,Stephanie Morrison,16,147
TRK-436B82E05260,Any goal author conference rather,Mark Smith,10,10
TRK-70A39F0F2830,Soldier road,Jessica Chan,432,2173
TRK-F8FB0EFC31A1,More car,Michael Barrera,363,1441
TRK-4E0FDBA0114A,Happy,Mary Wong,388852,4486032
TRK-D198EA7D1C63,Strategy between,Megan Davis,88,381
TRK-4D6C263B827F,Leader forward take,Matthew Owen,102473,471952
TRK-D7C06A986CEE,First result,Dustin Garner,21,25
TRK-5ACB29EBFC5E,Six green standard,Tiffany Lambert,8610,43820
TRK-F5B902B8B7ED,Election floor charge,Amy Frey,2145,10682
TRK-A0C71A2B50A3,Analysis mention spring,Mark Weber,47,120
TRK-350C90D0D507,Concern before,Stephanie Lee,8,16
TRK-FA014BCE4521,Little chair finish that,Samuel Hernandez,6,7
TRK-A51E55D84CC6,Start a minute one,Brady Gardner,500611,2573009
TRK-6F5D52CEC911,Congress feel full,Brenda Burch,2454,12535
TRK-1F7CBE40C906,Chair quite,Daniel Mckay,2400,6822
TRK-292F737ECB64,Bag woman,Dustin Lam,230,694
TRK-3B7C0B3A33F9,Mrs note,Charles Peterson,17465,94999
TRK-1A980349A152,Tv view,Isaac Martinez,1078,4493
TRK-B85CCB69BDA4,People build,Chad Miller,150,172
TRK-0C5BE20D1408,Imagine dark,Cindy Rivera,152,248
TRK-1F62181DF04A,Make perform war,Destiny Kim,149380,802666
TRK-CB24A9B297BF,Issue alone front,Diana Moore,9919,47450
TRK-57F906D5895F,Strategy although require,April Williams,15,15
TRK-1D53685D60BF,Need,Susan Crawford,88646,336911
TRK-3CC4188428C5,Hotel style represent,Joe Hubbard,1388,6668
TRK-7C269E0ABCA6,Scientist,James Parker,364843,6733746
TRK-12AA6D2E0AAA,Program,Scott Jones,61961,418899
TRK-EA41315EEEDD,Recent perform,Emily Edwards,14,20
TRK-48C34330B82D,Impact why thought,Taylor Davis,4040,15919
TRK-08E7D9CD4E7C,Herself response painting,Susan Brown,13,17
TRK-80583486B8BA,Soldier possible job what,Anthony Kelly,11,18
TRK-4A4F53FA8D22,Expert care in,Barbara Mcdonald,5226,17085
TRK-28594ECA4FA8,Measure,Douglas Garcia,1124,2257
TRK-478D21EA51F9,Fish sure buy,Lauren Horn,228,694
TRK-618E0C5255C2,The,Michael Henry,5909,27198
TRK-EF95EAC7ABB0,Clearly fact,Stacy Thomas,800,1905
TRK-543EFD531E98,Simply imagine art,Charles Lamb,105,320
TRK-423A0E8AEC3F,Among,Ivan Garcia,4237,18467
TRK-5F5E51178B2A,Language affect station service ok,Cynthia Jones,6,7
TRK-6A454CC36F47,Night,Brenda Garcia,102188,1779482
TRK-6294316E8DDF,Manager may,Kyle Robinson,1558,4745
TRK-93F819BB515C,Trade,Michael Hudson,2417,22242
TRK-28A390F9CADA,It maybe,Jose Holland,547,1055
TRK-13DF7610F8EF,Pick opportunity television,Andrew Hughes,48,67
TRK-D5AB0D898705,Watch then surface,Brittany Brewer,15062,60935
TRK-40A8A8AF157F,Price yet,Nathan Woods,11166,69756
TRK-DAFE216687B3,Address television lose,Courtney Johnson,17,19
TRK-1252091FD294,Live example (4),Robert Chen,5710,23468
TRK-CB9DB65B9322,First,Ryan Mendoza,204330,3365352
TRK-8A4040968D68,Edge force,Madison Santos,2225,5005
TRK-796C7D488734,Into performance,Nicole Diaz,82,191
TRK-B089C1AD2896,Interesting free,Regina Carter,7,23
TRK-59B218C9B225,Talk if around,William Moore,158638,1973949
TRK-2DED2C7C1A9C,Bill center,Jessica Gonzales,329,1069
TRK-EA609C485882,Rock item wait,Cameron Banks,5146,7926
TRK-6E5ADD02A051,Practice heart,James Moore,83,533
TRK-2473BBA54B01,Interview weight,Jennifer Blackburn,48,49
TRK-E290CC78AC5E,Without bed,William Brown,38,82
TRK-E56D06BF6BD8,At risk power,Sarah Fisher,10276,43933
TRK-AB671E8E748D,Into left,Crystal Martin,3679,14135
TRK-434FB6AEC710,Same any,Charles Thomas,44,95
TRK-04DE120A1B84,Major,Dr. Steven Douglas,37600,513012
TRK-8E289398E537,Value lead second chance,Mark Moody,346,1336
TRK-19D2421228A0,Just ago follow,Cindy Kim,5942,27640
TRK-1A829B29A8FA,Section teach religious cause man,Christopher Reed,6,28
TRK-403F8CE0654B,Argue why hair,Kimberly Williams,2386,3094
TRK-1F92633A6B83,Thing myself,Sarah Ware,19,30
TRK-C19E1C4B7618,Challenge,Donna Duncan,17207,102659
TRK-8BC64F8BE215,Join process,Megan Thomas,10427,28992
TRK-19B32B0B931C,Deal point large party inside,Tracey Peterson,53,61
TRK-414BB380505D,Sound finally record raise,Jeremy Gonzalez,10,11
TRK-602D86D06894,Provide total,David Mccall,9,14
TRK-26069F848274,Glass usually real,Alexis Parker,63421,260608
TRK-A9DC3BA04F21,Fly member beautiful,Julie White,1717,7265
TRK-916144221A3C,Forget source,Tony Wood,50634,163650
TRK-60FCAB3ECC09,Lawyer,Kimberly Middleton,1280,3327
TRK-7DFDBFB9D81B,Mission,Ms. Cynthia Howell,133971,1076639
TRK-46CCA5AF5257,Radio do,Miss Tami Carlson,56,109
TRK-03F7337BF044,Economy about sound,Christopher White,3732,28809
TRK-AFE6173F2A78,Son free,Patrick Williams,40,86
TRK-E054E03E32D1,Could,Larry Dominguez,44402,222669
TRK-A1E292A6C6F5,Decade behind dog,Mark Ramos,5635,60316
TRK-7857F68C6FFF,There computer mission,Kathleen Curry,7255,30553
TRK-F182385181CC,Blue,Julia Mcbride,1012553,15844380
TRK-FCD4D4A45915,Operation,Samantha Cantrell,95047,505472
TRK-40398EC31D32,Carry,Noah Reynolds,126493,871783
TRK-CA4121729288,Science,David Arnold,866968,5672446
TRK-5EAEF29A17B4,Management,Alec Clark,212157,1958685
TRK-C6C69FDA976B,Member,Johnathan Acevedo DDS,1170,3086
TRK-949975CA6F61,Agent notice,Trevor Knight,7,9
TRK-D100DB914AC6,Would imagine save,Yolanda Jacobs,3337,10983
TRK-2CFD0011ACC3,Book,Melinda Ortega,48384,299782
TRK-AE2C41843FE7,Usually,Nancy Martin,18326,64810
TRK-336C4979E387,Purpose,Christina Baker,266310,1552076
TRK-8C9E5C1C069C,Ago operation,Cassandra Jones,907,4375
TRK-726394B588CE,Sometimes,Ronald Martin,101592,1129779
TRK-CC1D9DDB8D9B,The possible,Amy Herrera,159,973
TRK-5356124775DB,Husband deal,Kyle Delacruz,3805,24303
TRK-81FBCC7532DC,Old,Melissa Lewis,162330,946925
TRK-2D0DC57D4D8F,Adult movie,Leslie Clark MD,2851,5194
TRK-2988FCCAEC68,Lot thousand,Timothy May,14526,48679
TRK-62BC0BA59F8A,Model,Pamela Turner,38373,440222
TRK-6CCB2F82059E,Reach operation situation,Teresa Salas,23,50
TRK-563EC889ADC5,Grow,Anthony Kim,40836,229436
TRK-64731873DC7F,Foreign record much,Robert Rowe,123,306
TRK-92AC5B9F65EA,Democratic,Tammy Gibson,344,1654
TRK-3FA6019708DE,Size writer,Courtney Erickson,134,536
TRK-3259724CDEE7,Up,Brad White,662377,5365599
TRK-A0082852B4EC,Successful unit feel,Nicole Mcdowell,3989,13384
TRK-BD6CCDF7A5D9,Practice maybe,Lisa Mclaughlin,10,44
TRK-B0AD1CF9ABA1,Yard others item,Krista Ramirez,99,392
TRK-35CA3149496D,Morning present also,Diana Tate,135,301
TRK-C98C62EAD8D0,Plant interview which,Robert Delgado,322,439
TRK-B882807E831C,Yet,Crystal Jackson,3800,13894
TRK-C5D70A8F94F0,Risk house,Mary Colon,48,55
TRK-FA161B912EBC,West white,Joshua Miller,915,2757
TRK-52B02B5B3C2B,Last,Emma Hicks,127307,1367416
TRK-3E0FD18CE092,Model trouble like,Catherine Smith,5175,17374
TRK-BB5803B3B881,Southern blue turn,Jason Moreno,125928,403717
TRK-28B46CE5C5E8,Page space check,Timothy Thompson,15,31
TRK-CCFB25CD8226,Return education,Bryan Williams,10,16
TRK-B908876204D0,Might international smile,Cynthia Foster,210118,1939454
TRK-CED3D5F58C12,Organization support,Jacqueline Lawrence,60,63
TRK-C62A46DD0553,Not item,Deborah Moody,147,915
TRK-3DE791414A48,Situation help hope,Jerry Lee,576,1264
TRK-3040D734CFEB,Individual way,Kathleen Brown,2994,12086
TRK-0D3225CBAD4E,Lot,Mark Jacobs,3938,21258
TRK-AF100E7961EE,Education capital,Anita Henry,16,16
TRK-6B9AFE4F069C,Despite air record,Aaron Lawson,7207,34118
TRK-60D5B6E56EFB,Color side,Kevin Adams,2091,5666
TRK-B6AC6250BD21,Too interest,Michael Lee,612,2522
TRK-BE23E0F4F87E,Type man,Judy Wiley,6,20
TRK-DD53DD8632C2,Fear contain then,Patricia White,94,254
TRK-D9C79D28E9CD,Management,Dawn James,212157,1958685
TRK-08F87B6906E0,Hotel,Christina Sims,668589,7358092
TRK-571B09D5E7BD,Rule then,Rick Johnson DDS,3478,8794
TRK-4D656B11567E,Security war,Charles Cline,15567,63831
TRK-BD705777C8BC,Good,Christian Adams,351251,1582076
TRK-50C23767CF69,Attorney buy,Andrew Ford,14,15
TRK-E7328A4068EB,Identify student billion,Anthony Morris,18,22
TRK-9AC67FDB571A,Executive look race,Susan Ho,628,2560
TRK-55B7E675AB08,Color,Jerry Ross,44101,515857
TRK-2A65C4E30A43,Top second really,Holly Weeks,1018,10559
TRK-CEEDF313B1A1,Blood morning myself identify keep,Tammy Larson,6,9
TRK-0DA80BE4EAF3,Attack here,Ricky Murray,96520,971898
TRK-A8458887FE78,Write small,Brett Howard,11,11
TRK-FAED9BB3E561,When important scene,Michael Bennett,15065,45310
TRK-462E37E8ABD9,Smile trial,Elizabeth Jones,43,116
TRK-A48984766AD9,Stage way church,Lucas Summers,459784,3181673
TRK-BC0F8B74F808,Purpose from,Robert Larson,1092,7512
TRK-9476BBF71B02,Pull similar tend,Tony Sanchez,44,45
TRK-8147DC863AD6,Central beautiful,Kimberly Burton,4096,20328
TRK-4AB82BE7C3E7,Wear next,Frank Freeman,10877,29899
TRK-354282DFAFE4,Little team can,Erik Nguyen,11353,64316
TRK-064A59466D31,Full,Timothy Price DVM,3506,23144
TRK-60C8EB62149E,Walk,Paige Yu,1225789,10391656
TRK-580614D325FA,Take hear,Theresa Ramirez,10,24
TRK-8C3FC23E58CB,Measure,Susan Ibarra,1124,2257
TRK-A7CA176FF584,Against,Jonathan Nichols,50346,186291
TRK-BAF3B95E735D,Help ago who,Michael Bates,20485,68167
TRK-FF8399FE3FEE,Rate,Michael Johnson,5086,19869
TRK-A4D00D9364CC,Two author sound,Alejandra Garrett,17342,161207
TRK-60C05FBC1A60,Color,Jessica Price,44101,515857
TRK-26E33CE0514B,Record,Sarah Boyd,1649,2459
TRK-175954588F60,Quite,David Le,25049,92034
TRK-328FF3B34B10,Discuss race growth,David Bernard,78,101
TRK-295AA48A8EF8,Ready find,Justin Cobb,3570,12505
TRK-206DAFB1BAFD,Standard chance that,Robert Rodriguez,2726,6500
TRK-0413242240D8,Same old,Bradley Hernandez,20115,75062
TRK-73F2219D2968,Recent prepare,Nancy Allen,23,46
TRK-F7A1918D3B3A,First charge,Brittany Hicks,35,62
TRK-E664271EFC63,Hear wonder,Anna Reed,84883,489450
TRK-687A78C035C8,Future plan activity,Lee Washington,17320,43295
TRK-37E6352F2636,Civil point,Shelby Harrison,368,1124
TRK-C2E1B109DF61,Television,Cassidy Perez,501031,2886259
TRK-E59FD57DB875,Budget movie individual,Heather Briggs,993,3790
TRK-7DFEB8E16B8F,Above,Brian Mcintyre,18369,69430
TRK-A50495C53BD0,Recent,Paul Calderon,9075,23285
TRK-CA21D32B4BDA,Group guess activity,Cole Kim,3613,8766
TRK-350B16854701,Woman shoulder,Gary Miller,6292,27719
TRK-616B3CBC31E9,Executive power,David Wilson,27,64
TRK-94E468EA708C,Car,Carlos Davis,180087,997169
TRK-1DBD32B1A707,But,Casey Johnson MD,24202,128963
TRK-C52C4297AB06,Bit sort,Kimberly Smith,95,586
TRK-70BFA8A96419,Run skill,Alison Khan,7,7
TRK-6C174A240BD3,Make,Laura Sullivan,3790,25508
TRK-158379DDB716,Market,Amy Durham,1191,3090
TRK-BA592D005C85,Everything public detail,Alejandra Smith,2722,8529
TRK-67357DF1003F,All,Drew Reyes,29623,168406
TRK-5531854B776C,Finally year,Scott Roy,10,10
TRK-89DC5D26CDD1,Born compare seven,Faith Garcia,1803,13379
TRK-E6481C2081A7,Account,Jill Flores,1613,11795
TRK-96BD7277270B,Always attention,Kathy Miller,9714,31994
TRK-5E7DF8EF65A6,Firm forget,Russell Hobbs,3237,12956
TRK-9191CABD281C,Guy particularly watch,Robert Morris,14894,34905
TRK-2C92FD1A3DAD,Lay receive,William Wade,8030,18215
TRK-6C1F10DCEE0C,Discover series hotel,Tiffany Brown,8000,99496
TRK-B98220430F20,Enjoy radio,Daniel Kim,149,452
TRK-26DFB8A9D3FB,Yes respond before,Edward Chambers,37423,134829
TRK-8F3460B45DC6,Beyond board too,Jennifer Meyer,6630,19155
TRK-BA66EF822789,Office health radio,David Harrell,3830,7927
TRK-AFA14B52D4D9,Always firm style,Allison Hansen,14,33
TRK-5D57537203B7,Several beat,Cheryl Patel,14,14
TRK-3619F41B9471,Nor,Sara Dickerson,3290,40844
TRK-8F4812AB03E7,Go yourself over page,Laura Owens,20,38
TRK-DFBE787EB1A4,Clearly sea,James Price,776,2966
TRK-1AE07513A2ED,Company policy,Amy Holt,654,1807
TRK-FE5BB59928F1,Begin chance,Brittney Stevens,640,2365
TRK-515A06F91E2A,Report special matter good,Bryan Wade,29,30
TRK-C88B58850B30,With,Danny Knight,29568,271092
TRK-0907B2201BB7,Church,John Frey,379854,4940141
TRK-E77DEC03D962,Material strong,Carol Simmons,1028,2539
TRK-FC351CB53DFB,Machine argue,Amber Ford,12,12
TRK-08F715843374,Tree company,Casey Gillespie,54808,195772
TRK-A26CEC970FA9,Program Mr,James Cantu,12,41
TRK-F49E7464AD3A,Kid,Nathan Valdez,19636,54266
TRK-CA962A1A529E,New,Brandon Kennedy,171559,2171794
TRK-967134DB4F6C,Remain deal act,Todd Trujillo,207,649
TRK-98AEED68E4E9,Sure realize another,Mr. Jeffrey Wright DDS,6722,21639
TRK-7813F9D1DC3F,Very thank,Brian Ochoa,265566,1203177
TRK-889DD47C8D77,Cause ok,Cody Huber,768,1855
TRK-59D48383AB28,Open,Samantha Gould,284703,1513900
TRK-6566D98D884D,Support apply,Michele Leonard,926,5513
TRK-7A2DF5F6CDD6,Return wonder face,Lynn Mckenzie,8920,45110
TRK-32D2EB4F6A27,Leg,Lauren Jones,18655,61917
TRK-1F5ED5F6C006,Yard by,Samuel Simmons,88,190
TRK-6FA8D4418ABE,Generation production,Mr. Mark Keller Jr.,46,121
TRK-52E7CF88D983,Line before,Stephanie Smith,320,2412
TRK-5A3452248710,President,Cathy Davis,59347,749825
TRK-4F324BAEF0FF,Court recent and,Timothy Brown,63,204
TRK-7B89E04E9E24,Worry street walk,Ronald Gonzalez,9546,22762
TRK-F244E7B20F6F,Community perhaps give,Bradley Fields,283,430
TRK-4812FA5E28A2,Central they,Samantha Navarro,215,499
TRK-529DED42AA7F,Once poor fast,Susan Garcia,4086,13626
TRK-FB13D71F715E,Admit both,Mckenzie Pope,61,82
TRK-A5A1C947472B,Hand,Rodney Wright,88209,381503
TRK-ECD7B3F80862,Person,Kenneth Sullivan,3732,14832
TRK-D42EB741E581,Plant energy population,Mr. James Marshall,145,465
TRK-A7713095B557,Heavy line,Isaiah Jensen,129,403
TRK-DB2E253ABA2D,Store,Michael Romero,85791,818193
TRK-C5325F348E69,Region short,Melissa Boyd MD,101,299
TRK-1B411FE2AE03,Feeling,Daniel Sullivan,326175,5083299
TRK-6F2893EFC7C5,Laugh rather,Ryan Roberts,202,640
TRK-1B3C344AD911,Road how dream,Brandi Flores,29102,95921
TRK-9380B13AF823,City bank,Janice Campbell,16,31
TRK-650ABDD264C3,Whether central,Sarah Rodriguez,53,59
TRK-B742BF4A61E5,Gas trip,Lisa Peterson,393,983
TRK-3733BBC3EC68,You seat approach maybe cut,Brittany Contreras,247,638
TRK-01F5C5D72F44,Open,Mark Ryan,284703,1513900
TRK-3DF985D00B34,Alone,Gina Mason,276725,17391849
TRK-F5A94FB6FEAF,Federal,Elizabeth Guerrero,1626,12365
TRK-C9ECD7F2EFBE,Together doctor,Stacey Scott,7,12
TRK-A031F7CA3DD6,Method,Jillian Morris,8632,89035
TRK-CDD15C58E124,Base gas,Elizabeth Huang,21899,81993
TRK-763CDC5BBD1E,Catch ago box,Christine Harper,971,3613
TRK-B174DF71951B,Special whatever,Thomas Welch,99,238
TRK-62AF93194981,Argue lay political,Juan Mcguire,163,173
TRK-6EC5C4BD3C81,Rich plant can represent,Jacob Orr,13,25
TRK-7A370B66101D,Security,Christian Riggs,97414,402741
TRK-EA202F38AF8E,Value employee,Ashley Schultz DDS,7,7
TRK-FAAAC5E16547,Kind film,Michael Saunders,20,39
TRK-F6E662DABEDD,Down parent,Mr. Charles Brock,2052,13210
TRK-23A44531DE85,New someone test style,Joseph Espinoza,16,17
TRK-E715130AF84C,Whole student,Danielle Wilson,28,54
TRK-08BC122FBF72,Impact far film,Connie Doyle,2094,4635
TRK-398051528426,Population expert,Kara Hill,27,27
TRK-FC071DEDA7CF,That happen site,Darius Miller,57223,356207
TRK-3A3B5C9186DA,May development per,Tiffany Wu,383,1366
TRK-105566CCD82D,Concern house phone,Tara Evans,16139,49584
TRK-4C1942C6BF91,Project author good,Shannon Matthews,11136,45240
TRK-AB66A8C5D5B7,Glass but writer,Tanya Harris,636,1284
TRK-6B3858E61A40,Once too,Mackenzie Schneider,6663,18319
TRK-A0D35A6034A7,Ten,Carrie Miller,252375,2468896
TRK-B6A5648ED274,Develop,Christine Tapia,11809,78677
TRK-28ED6C8BB69A,When,Diana Alexander,144865,1146642
TRK-B20AEE03302A,Suddenly travel,Teresa Fowler,14,14
TRK-ECBCC6A8A1BF,Fire have compare,Diana Wolfe,4213,10233
TRK-1B232ACD3F95,Customer something,Cheryl Perkins,12,79
TRK-5D1340EED797,Inside collection near,Amy Ford,5148,23148
TRK-5E1A676CA79D,Participant total,Robin Warren,11,11
TRK-731C52A0466D,Themselves left,Keith Hanna,368,764
TRK-5B9B1C72E6F2,Do of,Steve Rhodes,14854,169328
TRK-B07CBB8B9F51,Human majority,Robert Maddox,8,16
TRK-25A18965AFE5,Military everybody mission,Michael Mcgrath,7238,73311
TRK-A7B098DF7A0C,Cut maintain,Amy Aguilar,8,9
TRK-5F92A36E6A4D,Property next hotel,Thomas Pugh,2566,6912
TRK-C394AACBA6E9,Debate poor early,Tammy Stewart,221,727
TRK-4FBAE938CEB3,Senior defense much,Margaret Gallagher,145,669
TRK-2544747586EC,Three phone size sit drug,Teresa Cherry,23,23
TRK-296352AA8F32,Billion,Jordan Price,9200,42230
TRK-0DACD70CD09F,Entire help,Jordan Hicks,57,63
TRK-63355388FDDD,Everything,Tonya Sullivan,379923,4626797
TRK-FA0B6C369EA0,Over take create,Debra Pacheco,88225,982453
TRK-B594D57F42C6,North key,Alyssa Klein,5664,22537
TRK-B5D089E37D8F,Member option,Tracy Flores,25,28
TRK-D1B8ED477EB7,Happy pass,Brittany Rice,6067,25381
TRK-BD0F12DE2960,Create old public,Stephanie Moore,4006,5107
TRK-37E28942977C,Beyond consider wall action suddenly,Michael Arnold,31,41
TRK-4687BE538ACB,Work practice design their,Jessica Bray,8,9
TRK-2811171510F7,Wish seat,Taylor Norman,470589,4945619
TRK-697585E09B2D,Alone mean,Rebecca Bentley,415035,3918842
TRK-FA9A486B55BA,Improve,Kristin Ellis,42423,243486
TRK-8991A2F2A9B7,Responsibility understand huge,Tricia Castillo,46,49
TRK-DB884A8D0D16,Message wife,Kathy Morales,3864,23394
TRK-10A340ECD5D9,Clearly,Luis Simmons,44061,252747
TRK-A0FAA96682B8,Yet same,Andrew Daniel,829,4505
TRK-779DDAA463A7,Discover,Charlene Allen,54773,149151
TRK-AC3BAE322A4F,Tonight improve,Angela Jackson,334,2386
TRK-B2ED96832984,Medical another,Brittany Anderson,515,6013
TRK-EDF1560A1CF1,Center want partner,Vanessa Gregory,567,1780
TRK-6CC0925A255F,Traditional keep main,Erica Mason,16882,34412
TRK-E3055CDE3829,Create agent,Marc Garcia,13,14
TRK-595FE7A5369C,Really generation,Dr. Stephanie David,420,1861
TRK-716F73CD04F8,Base,Tammy Mcdonald,12374,64949
TRK-961AF9123083,None program part,Matthew Williams,45732,144384
TRK-7F269F29C0AB,Ten,Jimmy Eaton,252375,2468896
TRK-11B47E7E3F83,Stand,Steven Santos,296063,1253249
TRK-B9BF9D97C7B8,Around success,Michelle Mercado,10,16
TRK-78A04AEE2643,New agreement point form,Patrick Powell,19,54
TRK-CCF3D18D2C23,And chance,Roberto Hall,804,2738
TRK-64694943B595,Phone my,Jeffrey Jones,713,4943
TRK-27CB1C146AA7,Old activity,Adam Evans,35,51
TRK-CDA7745720B3,Before,Megan Palmer,99581,1845347
TRK-2AEFFDC75AA7,Whose several,Antonio Washington,1716,6753
TRK-032AE64918E5,What court,Sophia Osborne,25697,248338
TRK-680431C8D0F3,From business,Juan Wilson,641,681
TRK-6E4F399E0549,It capital,Charlotte Cohen,48135,220138
TRK-480923A993BC,None red guy like act,Donald Bush,4501,12269
TRK-93FCCAA6ABDC,Lose support,Amber Gibson,150,676
TRK-99386CC44071,Still response,Justin Martinez,75,231
TRK-73A6B63009E1,Rate you,Todd Cordova,8518,27362
TRK-62E8F547D40B,Such two Mr,Joshua Fry,25881,148433
TRK-F1E8AF49A1F5,Decide physical,Kenneth Rollins,3,4
TRK-D1D52CE73AC1,Election,Breanna Taylor,4158,20456
TRK-115B9225ED8D,Itself class,Jennifer Hall,39,183
TRK-D44F422F354F,Be cover,Brett Griffin,549,3032
TRK-015E758907EE,Break note issue,Victoria Riley,3495,19738
TRK-4E51871663F5,Example doctor,Teresa Collins,54,365
TRK-308CB2FA3A07,Your health good message,Dustin Jones,45075,227232
TRK-3EB31431E44D,Art lay rich,Jason Wilson,3633,22828
TRK-5B2D184FB595,Win practice,Calvin Boyd,175,825
TRK-FBEF584C8763,Foot rich,Robert Edwards,8522,43987
TRK-19976C8DBCA6,See win,Marcia Maynard,1354,7107
TRK-77A59AF9A340,Leg cultural,Nicole Scott,53,112
TRK-42D00D15C053,Pull process,Dr. Jessica Hurst DDS,3928,9238
TRK-3032A04D30EC,Card purpose age,Glen Adams,5288,36139
TRK-74D66F60F733,When,Francisco Kent,144865,1146642
TRK-EBE64E0A448D,Yeah picture,Cameron Nicholson,1810,7600
TRK-FA5AAC85022F,Member hot,Dawn Walker,14413,66378
TRK-DF5D8174EA56,Up,Jacqueline Hamilton,662377,5365599
TRK-ECBF4A084E69,Pay Democrat,Katie Rogers,1841,5349
TRK-45AA72D6A993,Church hotel first,Angela Rodriguez,25244,97268
TRK-F4E40D1A1777,Mr source other as blood,Billy Cole,257,1259
TRK-DC1599536A1B,Staff,Mrs. Brandy Cain,113,193
TRK-B9FF693FB72F,Participant,Kimberly Guzman,17160,51945
TRK-926BE7F4B246,Item entire public,Troy Griffin,232,330
TRK-2CB78FCF6ED9,Change condition,Olivia Hickman,5413,12057
TRK-BCF5BAE9A9DE,Cut,Ian Nguyen,414858,4146194
TRK-DB298B44E276,Gun,Susan Elliott,253312,2493531
TRK-6ADACA151169,East,Jessica Martin,189294,1384132
TRK-5C42BD7BCF25,Effort have,Sharon Morton,69,256
TRK-AC4B6E2CED11,Sure,Eric Stevenson,79413,505075
TRK-108026793607,Line dog,Amber Myers,9475,46334
TRK-8D38B6DD4D74,Oil several,Jordan Dawson,14715,51431
TRK-116926118C3A,Detail manager,Christopher Hudson,28,31
TRK-714D4C0CE2FD,Left,Christine Martin,403614,3466195
TRK-A8B4770F7A33,Recently special third,Sarah Nguyen,227,1293
TRK-3B0894B520E8,Type customer man,Cassandra Roberts,140536,955875
TRK-F0249B10C766,Name wear,Natasha Perez,71911,941179
TRK-FE0ABEE559A3,Can,Priscilla Acosta,308619,1987962
TRK-6A12F1EC4117,Budget visit,Elaine Allen,17,18
TRK-5FDF3F2CAF8A,Travel week source,Brooke Holmes,60,265
TRK-307D65248986,Property need,Hannah Miles,10,15
TRK-03337A07D18D,Care body,Joshua Brooks,673102,4543655
TRK-D3F2D5AE4AC0,Fish leave,Phillip Hall DDS,188,335
TRK-A0940F1255A0,Minute relationship,Joseph Chang,93,164
TRK-472562882E7E,Relate,Angel Anderson,15026,89184
TRK-39DF8AA2B0DF,Somebody,Kara Adams,337839,17782941
TRK-54E157F6AD9B,Tax,Kirk Grimes,2140,7368
TRK-4D398327E54F,Democratic investment,Elizabeth Hardy,10,10
TRK-AE2C955634A4,Authority,Dr. Darren Buchanan,1008,6092
TRK-B15822823F18,Success man manager memory,Mark Compton,35,119
TRK-8DD03E5895C4,Idea not job,Aaron Freeman,128945,1725379
TRK-751A0C063B90,Consider yes little,Lisa Bell,35775,132068
TRK-FF282C87F77D,Large middle,Cory House,217,450
TRK-3E209FDE078E,Animal,John Young,1161093,10094681
TRK-19CF7A53FF02,Over need,Yvonne Hess,112812,799282
TRK-A0070AE07B80,Main family,Jacob Wilcox,322981,4491346
TRK-1EC790E6BFB0,Lawyer difficult,Jesse English,15,15
TRK-A883A8A969D5,Name chance,Christopher Coleman,111,476
TRK-04E769956238,Between voice skill,Patricia Bell,32563,244531
TRK-C995416D8228,Protect,Karen Barrett,88406,1128426
TRK-DEB880586FC3,Including,Jessica Smith,204,403
TRK-0F6FBD3C961F,During worry,Dustin Shea,149,905
TRK-37BD84989B9C,Area data,Virginia Washington,192,1119
TRK-E56BA8F244AB,Dream night,Nicholas King,53311,199276
TRK-188B99048A6F,Participant society,Nathan Shaw,8,9
TRK-A9F37F0B820B,Buy investment artist,Jason Adams,26,362
TRK-70095C5282BD,Town art,Craig Davila,1470,5368
TRK-B984062912BB,Mission,Adam Ross,133971,1076639
TRK-1CFD2E8CA959,Tough attention,Christian Hogan,65,226
TRK-7F570B038090,Present,James Ellis,520385,5602357
TRK-DB9ACCAED6E9,Learn,Angela Fletcher,72496,216878
TRK-B3DA4004B89B,Parent role,Benjamin Davis,268,755
TRK-845F9AFC2303,Officer power show,Kevin Dean,7060,18219
TRK-88A30B22B9E9,Five it challenge,Carol Cuevas,657658,3866232
TRK-78DFAFA7E3E4,Drive wait art,Donna Crosby,90802,746622
TRK-C1D25D59AAA2,Development yard boy,Johnny Harper,127,161
TRK-3A1458179B75,Ten reveal matter,Todd Rodriguez,496,1873
TRK-66FB1E24EE2A,Less group,Brian Harris,30,106
TRK-1074066A76FB,Must seat whether space six,Lindsey Rodriguez,9,9
TRK-8A06C97DB266,Conference seek,Jason Jones,10,13
TRK-544C678A3166,Hospital perform,Bethany Thompson,24,26
TRK-DC5A53129512,Individual daughter hold,Adam Clements,1084,2884
TRK-CCE5F260710E,Common,Jennifer Campbell,374817,2263417
TRK-94ED2417D330,Ok,Monica Parker,23556,199212
TRK-97469816DBC9,Into weight,Kathryn Lee,2967,9223
TRK-E82A78DA57FF,Brother,Savannah Terry,278354,2330259
TRK-8F7F99F90164,Should throughout,Darius Fowler,10,11
TRK-72A01F35DF8B,Their imagine,Lucas Williams,4140,19232
TRK-DA4F7FF5A9CA,Shoulder,John Rodriguez,35890,167893
TRK-FD939B9DA574,Not young someone,Michele Gaines,128795,724972
TRK-EBAB97F758B8,Gun throughout,Zachary Lopez,8,10
TRK-C50063F2072F,Firm movie,Jesse Rich,1563,5618
TRK-B92A9CBF8ECA,Space,Ryan Vazquez,70614,677658
TRK-BA96C18BB3C3,Interview,Emily Lozano,6690,40823
TRK-6ACBFA14C64C,Bank current,Christina Jordan,21727,154054
TRK-15E2D9F9FE8A,Apply,Vickie Lopez,169043,795148
TRK-FD9C731EDD84,Ahead newspaper material,Amanda Henry,64,165
TRK-38EBB64D4533,Seem,William Hines,7387,78029
TRK-278BA908F413,School may,Jaclyn Stark,214,399
TRK-3A6A17C30773,Simple best,Rebecca Ramirez,1621,7317
TRK-5E4DE667500D,Light,Rachel Charles,107890,1662742
TRK-DF5C9B410970,Share think leg,Nicholas Payne,11,21
TRK-2AFBB5FC5E37,More themselves,Barbara Schneider,155,609
TRK-D52B6B13570D,Fact interview,Laurie Brown,58,120
TRK-5A7F5CE18FA9,The ago,Jason Wagner,166,630
TRK-24969AA3D870,Million from strategy,Brian Ortiz,346561,2741811
TRK-231126E46DF0,Read thank,Travis Green,4305,17891
TRK-88E3CBC5A6BB,Concern article,Jonathan Gibson,131,147
TRK-8A42BEB354A4,Wind,Deborah Castro,159988,1452512
TRK-F273FB32C674,Pressure rich,Kelly Mayer,562,2526
TRK-5C1AE053B4ED,Action,Robert Klein,64958,309457
TRK-CFB951F8767B,Win then discuss,William Warren,975,1055
TRK-BB82A744D724,Shake church until,Christina Castillo,625,2567
TRK-FA036266B468,State,Troy Lewis,20982,66147
TRK-2A0F821E83A9,Last free,Justin Frederick,650,2655
TRK-6A88746BCE24,Service cultural difference,Ricky Anderson,108,205
TRK-19E1274DB518,Himself,Brenda Patterson,4085,832157
TRK-5507DE0FFFCA,While side,Ryan Flores,1738,4870
TRK-86F2D5DD9D7D,Attack store,John Petersen,10960,35334
TRK-C03B2DDBEB7E,Production,Mark Williams,5333,14802
TRK-EA57DA294EF5,People get ball,Michelle Lambert,81742,255189
TRK-0E3C483F86FA,Out over,Nicholas Cox,10078,29358
TRK-7A84CDE9D3A8,Understand,Clinton Estrada,467140,8728629
TRK-CA788C71B549,Market including,Luis Waters,7,7
TRK-D24BB7820A2A,Lawyer learn,Anthony Wilkerson,16,21
TRK-716BC52C5531,Before write,Stephanie White,2486,20821
TRK-FC305A02E97F,Serious you,Kevin Vance,68,92
TRK-796B8AD45F6D,Interest,Brett Hicks,51112,313759
TRK-05248925A38D,Day between,Nathan Obrien,4309,17296
TRK-2422D8D8D129,Dog,Barbara Harrell,287825,1844463
TRK-87202DAFB0CF,Day easy sound pay concern,Sara Sanders DDS,39,47
TRK-B3FFDF9BC65B,Speak fly might,Donald Stevenson,56269,388147
TRK-A2FE1720E07F,Fly,Christian Strong,346991,1714853
TRK-A4A25315F08C,Staff your,Nicole Duncan,696,5416
TRK-B9426A813B34,Article responsibility,Sylvia Case,11,15
TRK-76BF6DED43EA,Tell good shake,Zachary Meza,94103,1404784
TRK-653E7F266BB3,Mind guy,Jeffrey Carson,37,48
TRK-ABA5D36892D0,Unit training,Lisa Ray,15,50
TRK-92963013F85B,Should force,Rachel Sanders,1896,6345
TRK-609BBF2FFF89,Figure,Donna Turner,27314,79869
TRK-B88A2D2B14C3,Class they,Angelica Hudson,28705,136303
TRK-024C17AF1325,Idea action,Briana Hart,23514,97866
TRK-E86EE327BE49,Participant from,James Chavez,414,824
TRK-777C3B744BE8,Language,Judith Conner,635612,9627985
TRK-A878089ECD0E,Machine wall,Ashley Sims,1553,3590
TRK-E8D2820FBE36,Newspaper keep,Diane Best,7,17
TRK-B88C4AF3CF00,Deal meet,Colin Kim,1376,2727
TRK-BE0EE7231708,About expect full,Andrew Johnson,195020,1642694
TRK-C94A0BF5B485,Business director,Melissa Frank,186,480
TRK-F09093C7BA75,Might stand,William Greene,4860,41553
TRK-C55109962D2A,Believe,Oscar Villa,1161674,7656768
TRK-A086938B9289,Common TV,Jesse Sanchez,1306,3304
TRK-DB823A297463,End quite,Mary Kim,1673066,29282108
TRK-523001737BA4,Really agent,Jeremy Martin,566,1732
TRK-192B91DE1F96,Enter,Travis Maddox,31202,86005
TRK-572FA69840DE,Growth expect,Paul Bowen,34,40
TRK-551C6A2FB377,Will,Christian Oneal,15409,37229
TRK-7A46F33B6071,Bad hospital miss,Heather Harmon,33839,319471
TRK-BCDDF1498D83,Tell level choose,Michael Andrews,3785,10208
TRK-DAB33385E594,Public,Marcus Smith,481646,4024857
TRK-E4008185E2FA,Various,Brian Thomas,693,1767
TRK-FD53A511B030,Issue state,Adam Fowler,127,172
TRK-0E1B2E2D9BB8,Those sometimes thousand,Kaitlyn Gonzales,243,440
TRK-9E118484469A,Natural improve enter,Joseph Zuniga,864,41919
TRK-BE6B1646EDAC,Most yet,Eddie Gomez,109327,352705
TRK-D2D2367E5E31,Course common someone,Kelly Collins,3188,10948
TRK-D3F6CB98445C,Week very,Mary Castro,4637,24012
TRK-30171F674657,Role kitchen baby item structure,Charles Hunt,6,8
TRK-310F4A8C8376,Money,Catherine Sanchez,1209436,11718958
TRK-31F7FA03D134,Future sea cup,Andrew Mitchell,7866,22119
TRK-6455C446D87D,Truth,Jasmine Nichols,362389,1940547
TRK-6DB1B2D34163,Candidate modern,Colleen Henry,252,924
TRK-83DA750E20DD,Everything ok state people,James Frederick,71,292
TRK-0B06DDC18DB0,Build,James Harris,92939,499561
TRK-6FF30B694900,Check live sit who,Ms. Stephanie Gonzalez DDS,16,17
TRK-99525B05D3CE,Practice movement,Melissa Benton,50,53
TRK-A7223B36BA8E,Remember,Daniel Jackson MD,24918,222561
TRK-987460C86634,Rock let quickly,Theresa Mooney,529005,3004036
TRK-DD8F68B2DBC6,Other include community,Brittany Ross,300,872
TRK-86896657057E,Dream hard sea,Kyle Farmer,443273,5104399
TRK-A636A10190CE,Board piece,Michelle Bennett,13645,60587
TRK-73E94D6C94E1,Especially,Tamara Duffy,4028,24824
TRK-424CDA3B8C40,Size site,Joseph Hall,13723,49940
TRK-9B5AC68E918C,Reality financial,Brian Palmer,31,55
TRK-9748EE08967F,Respond,Cheryl Garrett,2,3
TRK-B1F4D4B39AC1,Treatment,Christopher Lewis,29134,132518
TRK-AF236A6101B0,Trouble source,Courtney Delacruz,338,1546
TRK-15D1ECB8B9CE,Issue friend,Richard Caldwell,109,661
TRK-0A14169A8B64,Rule boy able,Veronica Todd,1210,6856
TRK-BA9E907F4800,Tax if push,Daniel Harris,260,781
TRK-8777F8672348,Minute fish,David Jackson,9961,51222
TRK-91B24572A6B8,Market single either,Tyler Spears,175,248
TRK-ABA300FC0C93,Police approach,Ian Ross,16,16
TRK-D91D786E2A11,We free consumer,Christopher Gonzalez,223044,1384551
TRK-7DA2F5718251,Somebody film,Shannon Bailey,6738,29585
TRK-0A838892A424,Half culture,Lucas Walker,11605,60259
TRK-883DC5D51BE2,Data group,Bridget Hart,29,68
TRK-0541C2227C48,Heavy foot system letter into,Justin Reynolds,6,7
TRK-D8FDBB8E0CC7,Help call toward,Melissa Church,263012,1754130
TRK-2BFB0E06005A,Ready,Stacey Rivera,34997,189823
TRK-A05F0BD8CAA3,Lose generation hand,Sarah Garcia,3069,5215
TRK-E3855558832E,Sort stuff,Ivan Boyd,825,2114
TRK-CB0A742B1A31,Home data possible,April Yoder,103,389
TRK-6741CB438748,Need choice,Michael Washington,1672,16747
TRK-6541A3F90787,Break future explain,Robert Campbell,57569,417070
TRK-BF8C6E14292B,Decade,Christina Sellers,10931,50105
TRK-EC3CB25081BB,Bill spring blue blue note,Patricia Cooper,170511,661959
TRK-53CF10B13BB5,Itself,Michael Golden,10051,66910
TRK-8B2A2EFE78FA,Into,Andrew Taylor,27463,107048
TRK-3478C4F4707F,Expert war,Michael Carlson,8,37
TRK-AAC3D81FF068,Real a,Natalie Reyes,54133,223620
TRK-C17FB256D57A,Fear,Alicia Wiley,716143,6556536
TRK-0037F2741167,Probably general,Ronald Harrison,27,120
TRK-54A15D1278E9,Less,James Williams,441864,3189660
TRK-FCD2552EA911,Across,Xavier Salas DDS,36315,202329
TRK-681FB5C6D234,Writer probably,Edward Turner,172,272
TRK-074229309EFC,Maybe,Alex Jordan,346091,1686422
TRK-8E4B04E5981E,He everyone television,Chase Smith,36465,147324
TRK-702C02FC3115,Involve pass,Cesar Walsh,8,17
TRK-85F553535596,Sing cut various,Eric Baker,2761,11354
TRK-AA248E02B601,Drug child voice,Brian Nguyen,5100,55480
TRK-5A5E567C3381,Husband decade lot,Chase Lozano,480,1844
TRK-539D1D4E46AB,Tough their role,Dr. John Anderson,109,171
TRK-781D01B1C62B,Air,Paul Preston,1145323,8044795
TRK-FDAA1349B805,Others,Allen Miller,2098,43905
TRK-F9BBDFAF7048,State history person,Brianna Johnson,41616,479890
TRK-088998C7560F,Itself idea whatever,Matthew Salazar,29,108
TRK-37F44646301F,Camera hear,Julie Johnson,3968,21504
TRK-D964D217B785,Back as there provide produce,Cindy Alvarado,1302,2871
TRK-DAC3AF000383,Magazine,Jane Tapia,168243,2199414
TRK-88B1882BAE5E,On general,Samantha Rice DVM,766,2629
TRK-AA8CB5C2EAB3,Yard,Mary Holmes DDS,36749,185863
TRK-B1675A9E265C,Include end mother,Sharon Stuart,21147,161776
TRK-F145FE2FF967,From,Troy Morgan,128210,871716
TRK-FA9674C24370,Religious,Valerie Miller,9476,26595
TRK-98FE3BDA7915,Speech will,Stephanie Nicholson,347,1195
TRK-595EE7EB5769,Learn leg talk,Aimee Russo DDS,82671,384245
TRK-BBBCA445729C,From society,Cynthia Johnston,118,469
TRK-679B80678A7C,Teach remain,Charles Faulkner,716,2589
TRK-8F65B4B06233,Power sell age deep,James Thomas,15,20
TRK-EB3508A8A90E,Various continue,Betty Faulkner,17,39
TRK-1F2527FDAF2F,Soon it difference,Richard Becker III,368935,2651303
TRK-01EF1F13A63B,Between guy,Pam Stone,633,1470
TRK-974111287B5C,Security level,William Spears,44,97
TRK-D0CE4C00F6A2,Bank with,Tara Welch,49,217
TRK-96813DA992CA,Wear still boy she,Raymond Porter,505,3884
TRK-62E64885FE33,Word term attention,Michelle Smith,286,676
TRK-6FEFC6F88D87,Economic,Debra Mathews,417,742
TRK-52858A70957D,Strong hit,Bradley Silva,14,19
TRK-321731E48046,Front strong,Andrew Harris,20688,72413
TRK-F6B335FAA2AD,If party,John Morris,24,30
TRK-A4DD5A682602,Peace somebody,Melissa Black,30,86
TRK-60A0F7E177DE,Relate,Joann Horton,15026,89184
TRK-F8AD3ADA9612,Imagine source yard,Meghan Barron,122,200
TRK-A8FE3681DF25,Really prevent,Richard James,55,60
TRK-6D8DE7A94634,Today smile these,Melissa Diaz,84,125
TRK-01A79FEBADD4,Instead soon,Jessica Smith,48347,249091
TRK-221F7FC4C78C,Former career,Eileen Martinez,10021,23932
TRK-53EB023C7A53,Tend,Don Cross,5599,35871
TRK-4FC5E0B58732,Air evidence,William Watts,1745,5139
TRK-9AE4FEF5D496,Boy,Lori Gregory,122526,1031305
TRK-2E49CDA2702C,International,Tiffany Miller,106709,674602
TRK-E8FED666AFF2,Compare reality black,Mark Anderson,7061,21136
TRK-C2928C416B5A,End field method,Dana Lindsey,77699,437696
TRK-1A045559E291,Another,Carla Lane,91980,361813
TRK-3A9DE7F716EB,Card study one,Mario Munoz,7636,66260
TRK-C7928D372CC1,Minute room collection,Claudia Hamilton,1204,16628
TRK-36AF9E5C7967,Behind glass staff,Betty Banks,84911,580528
TRK-F24CC63BEC75,Cultural southern,Nathan Hamilton,6,11
TRK-64DDEF2C82BD,Bit stay security,Susan Roberts,27923,221496
TRK-25A9838DEF0B,Turn,Leonard Morris,226267,2188255
TRK-6528B291510F,Adult item,Amanda Wong,12,13
TRK-37A258FB30C3,Business particular nor long form,Jason Alvarado,6,10
TRK-CD034187C017,Or,Robert Scott,94562,341879
TRK-83DD75911F31,Rock drive,Jeremy Green,79,284
TRK-4C47850ECA84,Even reach,Madison Jones,1631,7946
TRK-718A5B4430C7,Fund,Kelly Garcia,924,8872
TRK-BFDEBAA97997,Morning that,Carol Fox,395,968
TRK-B6B75A11B654,Billion another,Erin Huerta,680,1510
TRK-3682BA57ACCE,Shoulder particularly during,Danielle Smith,568,1260
TRK-7811FB2D412F,Possible ability,Thomas Heath,7,11
TRK-414DC92E4F82,Range sense,Charles Freeman,17919,42009
TRK-BB43802E2C60,Probably management,Patrick Ramirez,8,14
TRK-17C8A997D37C,Smile,Jacqueline Walsh,1891658,15147262
TRK-C538DF5DB654,Set,Patricia Sanchez,7857,85218
TRK-56DEB820CEF9,Military join between,Kathy Welch,607,674
TRK-BE12624EDF40,Deal help he,Timothy Wiley DVM,40401,112411
TRK-E6F5BEADC542,Wear news,Richard Miranda,19068,236175
TRK-E38C9064ADC1,Entire level,Lisa Hill,19,24
TRK-E15B059DC378,Reach back structure,David Sparks,7957,18990
TRK-7A856437360A,Message test,Jennifer Rogers,1725,11714
TRK-D563B4DE6A06,Industry assume despite,Samantha Harris,149,346
TRK-1FED3E76EAAA,Issue capital,Pamela Torres,1851,3839
TRK-A3062E77ECDA,Edge understand,Mary Smith,19,53
TRK-E4FF28C9F4B0,Action who,Stacey Porter,99381,303670
TRK-837EF24785A3,Strong,Angela Todd,358665,3397828
TRK-BEF9C628A7AB,Light,John Medina,107890,1662742
TRK-184E7F213D48,Difference factor nice,Stephanie Schultz,6180,26996
TRK-2A7211C35B54,Door account similar,Devon Cross,19,19
TRK-F115E0DF5D6F,Sea arrive simple,Brittany Church,6583,36165
TRK-7FEB215A5FFD,Top security,Stacy Villarreal,23,44
TRK-ACCFEA591DB5,Area stock peace,Pamela Jones,484,1492
TRK-6C0E0E24B958,Father page always,Jesse Smith,3236,18135
TRK-530B673A81A9,Movie question full rise current,Anthony Villa,24,28
TRK-36B828C0A923,Group magazine,Matthew Smith,129,143
TRK-A4331D388D3F,By account health huge,David Michael,652,751
TRK-A0807B103D39,Condition these,John Byrd,3557,11257
TRK-E868390AA910,News year call ten,Donald Olsen,486,621
TRK-270B932D3AC2,Project,Jeffery Doyle,15606,154864
TRK-6D3798C1CB43,Attack gas,Alexander Lang,29243,157790
TRK-385CF336ADB4,Down,Melanie Gutierrez,995741,7059838
TRK-4F821989B7E2,Arrive,Anthony Williams,4101,12160
TRK-CA6CDF6C47A6,Well final dream,Patricia Bolton,14222,59641
TRK-215ED7D0A839,Cultural catch with main,Lisa Harvey,17,17
TRK-EF6C85611483,Specific,Mark Maxwell,4077,14113
TRK-964EAA20B034,Smile page,Joshua Clark,2096,23771
TRK-7F086AFFA304,Near that,David Chan,583,1280
TRK-3B43FB3294BE,Everyone discuss institution,Charles Taylor,10,10
TRK-23FD6ADCDCA9,Those need,Angela Lawson,1807,7050
TRK-36DF003C9D0A,Wife student,Brent Hansen,44,57
TRK-E55D2C17EA32,Anyone them,David Jimenez,756,3255
TRK-08DD194C73B6,Three,Cindy Walsh,172996,1488679
TRK-740525C720F3,Tv,Scott Carter,1196479,19159609
TRK-B3956592FA2C,Top crime cover,Kimberly Frank,16367,48051
TRK-8D79369BB45A,Nor assume board,Timothy Blackburn,10,16
TRK-855184BCE79A,Reflect pass,Jessica Ellison,595,1756
TRK-3C0B06599311,Suffer when and,Amanda Smith,18192,108915
TRK-CCBA86CDF938,Remain,Glenn Williamson,244616,1297604
TRK-81F40EB45861,Although him,Samuel Cantrell,37,72
TRK-3FA743915F3B,Listen early,Hector Shelton,20,43
TRK-5F50AF610EBF,Happen,David Knapp,69281,736098
TRK-AE1C14E6348A,Whatever too,Timothy Patrick,177,1170
TRK-B0DD477DF51F,Ago theory,Jessica Allen,150,877
TRK-F151172201C4,Edge by ok,Katie Baker,1582,17192
TRK-A23B2C8B4BAB,Staff myself,Jorge Marshall,266,1843
TRK-A4BEC6BCA7DE,Produce,Deanna Harrison,505,2004
TRK-35EDFDFC58B4,Explain side,Jessica Donovan,811,6002
TRK-85FA9D6E421D,Institution task,Meghan Gilbert,6,6
TRK-717593A2BA91,Man culture,Katherine Burton,171,421
TRK-FEBEE490B051,Deal,Ryan Marsh,48042,207637
TRK-461EAB16C2D9,Ever back born,Theodore Sloan,1227768,11828949
TRK-3FB45EB87D4A,Others customer,Dr. Ashley Martinez,28017,89534
TRK-F2A8054EDAE0,Garden experience thus,Nicole Huang,470,1292
TRK-9CCBE0E5DACC,Scientist spring alone,Mark Cox,10591,44447
TRK-91B69930D372,Seven wind nothing,Erika Rollins,23153,113685
TRK-83F83F2590E9,Spend those kid,Daniel Washington,8966,34651
TRK-0962B0F49020,Often like,William Williams,28,132
TRK-3429C44271BA,Blue dark,Monica York,70,176
TRK-132CE3F053BA,Process difficult,Bonnie Quinn,219,750
TRK-AAA18ED419D7,Should decision,Kathleen Ruiz,9,9
TRK-5E6EB136F28C,Beautiful Mr,Hector Young,512,1811
TRK-0838303DAE8F,Enjoy this,Lisa West,23,58
TRK-F798431FE915,Teach especially,Russell Melendez,10,21
TRK-120D3989E765,Likely according school,Angela Fisher,56,183
TRK-85B39714A4EF,Air radio strategy,Andrea Wright,7017,38327
TRK-A3E3D91EC31E,Prevent,Andrew Parker,114,404
TRK-02C4F76692BC,Data career yes,Tammy Anderson,34,99
TRK-92660322977D,The local dream modern,Kenneth Harris,202223,1093743
TRK-1520C2A27283,Already country war,Jill English,21964,65440
TRK-60EDD9C033A1,Artist capital,James Mccoy,19,32
TRK-3D7EFAA85B03,Top travel,Isabella Valencia,130,153
TRK-91A45357E76F,Evidence,Jordan French,270556,1901312
TRK-8DE21B784489,Force success worker,David Green,52,156
TRK-58674615E0F6,Under two success,Shawn Brown,96816,496086
TRK-58B1677F1BB1,Enjoy skill,Chris Saunders,1195,6800
TRK-D93D6DA6E741,Focus of,Gregory Bond,730,1064
TRK-7E1D18E434DD,Job,Katelyn Lewis,54546,177678
TRK-2D6553C8B3B4,Eye,Michelle Barron,301637,1430584
TRK-56F775FDDC40,Table consumer,Mark Williamson,42,47
TRK-EE1D7EC80A5F,Light small,Justin Foster,126,279
TRK-CA64076AEC91,Little bring,Jillian Burns,44883,259662
TRK-1D0BDF5A5286,Nice,Jim Howell,137014,1146388
TRK-F41FCB30C728,Guy,Lindsay Gomez,72719,270741
TRK-6CA47AA83589,Decide director,David Miller,552,673
TRK-BBB2E56F269F,Thought,Renee Price,5771,27680
TRK-17E152620772,Act and poor,Lisa Diaz,8879,89324
TRK-F8F6DF5896C3,Quality less down,Juan Fernandez,7818,22182
TRK-85655764945A,Could law,Christine Collins,375,1524
TRK-376AA9482008,Could,David Nichols,44402,222669
TRK-460F3EF7591D,Protect which feeling,John Cox,1554,3913
TRK-09E4DBE96742,Table always,Anthony Abbott,47,50
TRK-2DF51D361EFB,Various understand,Patricia Young,17,31
TRK-527AE40AB538,Him hold,David Anderson,35,66
TRK-115125D92056,Turn most,Jonathan Horn,151094,1018521
TRK-848B097C9460,Recognize,Hannah Lynch,17669,91821
TRK-C4B9E4EB7C08,Morning popular,Brittany Ayala,645,888
TRK-51F50BD9A33C,Prove,Dennis Black,20339,213033
TRK-8DE6ABDCA556,Quality improve begin,Donna Bowers,3467,13708
TRK-C47476507E74,Run eat,Olivia White,22947,191140
TRK-7B8BC0818181,Skin attorney,Virginia Butler,12,12
TRK-266F94272869,Force,Jennifer Cline,67906,366994
TRK-35F2C771F29D,Raise,Jonathan White,36000,238020
TRK-CD6BD84A7902,Modern case,Jackson Moore,154,478
TRK-2436BD4A6CA4,Term,Phillip Graham,7184,47279
TRK-758B2B4DC448,Key,Brian Brown,618529,6859703
TRK-FCAE8BD0E6C6,Take near,Brandon Walsh,290047,1796445
TRK-455E576170FF,Company,Crystal Floyd,864869,8111089
TRK-030193E3B33E,Whether,Paul Thomas,42487,165111
TRK-5A36E9B705F2,Themselves less,Jaclyn Holden,25,35
TRK-E7539BEC2A88,Color,Whitney Washington,44101,515857
TRK-C7CBA80754EA,Answer clearly,Kayla Griffith,63,171
TRK-DB6D92028297,Voice health,Amanda Murray,481,2418
TRK-B0C0E03A7E73,Water,Dawn Bennett,1079326,11504395
TRK-72E183D96C10,Seek,Thomas Scott,90115,512172
TRK-461D96D58B56,Man keep,Adam Anderson,504,1502
TRK-9A4A86B7BB6C,Less,Jennifer Love,441864,3189660
TRK-B09B789E7F9B,Sister fast,Thomas Smith,39,306
TRK-B2784E647C78,Head rise,Mary Nolan,172949,1145315
TRK-C015B04F9FEB,Hotel,Mary Gregory,668589,7358092
TRK-C6E6327DAF3A,Catch candidate system,Teresa Hutchinson,227,588
TRK-E08357FB89FF,Challenge approach,Barbara Clarke,9,10
TRK-52839D5A3FBC,Skill specific,Jonathan Calderon,58,60
TRK-8F268CA2405D,Century head,Mary Williams,257,1055
TRK-63A5FD352954,Generation task once,Ronnie Blackwell,629,2158
TRK-35D30829A200,Difference student,Tyler Gonzales,37,38
TRK-530CB777C1F4,Of night,Jay Roth,632,2762
TRK-C97568047B1A,Administration American executive,Amy Torres,2,2
TRK-1C2274CAC8E9,Reduce,Brett Stephenson,3214,10361
TRK-DB179D901660,Result behavior,Shannon Scott,154,169
TRK-DFD3154949B5,Music wish,Jeffrey Johnson,901,10523
TRK-6B926720592D,Order,Ashley Moore,48260,540604
TRK-4A1335E513B4,Member clear that,Rachel Welch,21575,82803
TRK-D150ACC5BF96,If attention,Jeanette Murray,379,1858
TRK-BFC0A3BE40B3,Thus season,Gabriella Lewis,1407,8129
TRK-810E3E6A6D0D,Without range,Sarah Roman,66306,458768
TRK-C431B6771155,White firm,William Collins,20,32
TRK-786E571FF4B8,Human down kid must,David Watson,7,13
TRK-216FFC4EF052,Have movement wish,Mitchell Hansen,13882,47395
TRK-1B34AFA1D22F,Young,Sherry Frederick,1240843,16451890
TRK-C573BFA00F43,Less what one,Javier Brennan,574550,3966928
TRK-DE00665B7325,Attorney analysis,Jennifer Smith,6,7
TRK-A6109C067FB1,Hot Democrat,Stacy Moss,868,3818
TRK-ADE411A9B62D,Deep,Kathleen Shaw,556524,5870943
TRK-FEAF74B7B00B,Fly movement admit friend up,Vanessa Watson,6,21
TRK-091C1F3E6E60,Power city,James Jenkins,747,2598
TRK-067D17DBD890,Politics head during,Brandon Murphy,556,2165
TRK-06B850060694,Present particularly college,Amber Richardson,9,10
TRK-751394551C7F,Week home security,Jennifer Williams,1959,6776
TRK-7007767A6FD6,Person his too soon,Daniel Haynes,1338,2699
TRK-5FD235FB0299,Wish,Jeffrey Johnson,381292,3574429
TRK-590DC9B45AC3,Themselves nation something,Matthew Lindsey,651,1279
TRK-8709CA1CC6EB,City expert,Tiffany Lopez,160,325
TRK-F72E8DC01968,Reflect,Mallory Ross,33351,886469
TRK-FD32BBB0E754,Never win energy new,Albert Holt,87,265
TRK-6EA915E2FC7D,Feeling,Frank Jackson,326175,5083299
TRK-4CED23225FC0,Onto,Patricia Church,60794,364271
TRK-342A70DC3FCE,Strategy force medical,Jennifer Murphy,2954,8727
TRK-42924223BE4F,Six four cover,Michael Lee,50367,619719
TRK-8F02DBA0788E,Table stop,Douglas Paul,4770,23847
TRK-45DE727E3444,Quality our field,Gina Knox,8958,20292
TRK-A8FA95225961,Fill owner international,Heather Williams,18,64
TRK-7D0EFC11841A,Hundred eight serve,Christopher Flores,2376,12198
TRK-718FC0B5C6C6,Medical range,Deborah Bradley,11,39
TRK-E975C0E8A772,Listen admit,Eric Barton,29,35
TRK-CD0958F8DA01,Some many every,Michelle Brooks,5316,30368
TRK-DC5BDD750FB3,Party beyond dark,Beth Casey,193524,1929336
TRK-1203DBF33D1A,Eat,Erika Jackson,35679,264468
TRK-5E8CEFABE9FA,Receive others,David Mccarthy,9,12
TRK-91A79DFD11F4,Choice pay,Leslie Haynes,16526,53992
TRK-169CAF45DC9E,Single,Debbie Bartlett,339884,3408270
TRK-5AE26F07357E,Hold,Brett Krause,125237,661048
TRK-618B0B4B374B,Compare seven,Donald Fields,102,239
TRK-0ED1E1F8A500,Member bring,Thomas Edwards,6428,27294
TRK-E0447BCEEC99,Memory smile,Mr. Carlos Smith,858,1197
TRK-99C72663793E,Fact over,Sharon Weber,29,71
TRK-7788E5B3CF7E,System room,Paul Ramos,547942,3673149
TRK-BC7591ECF74A,Indeed despite my,Kyle Griffin,1527,5225
TRK-B937EB584994,Beautiful idea,Michele Phillips,5180,14117
TRK-F0E7669D2DA1,Wait all fire,Linda Norris,568757,4706533
TRK-DCEC2F77A5AD,Speech,Jason Gibson,12562,44796
TRK-4CFD2EBAE038,Scene baby,Robert Morgan,2579,5147
TRK-E47CEFE18481,Star computer get,Melissa Jones,10810,83732
TRK-9259046AC35B,Respond write,Jessica Morales,66,84
TRK-504B52D32C73,Future,Ernest Copeland,840010,13295356
TRK-B4595CB00A99,Major,Julia Armstrong,37600,513012
TRK-C38D20C7B155,Finish writer,Kelsey Green,12,17
TRK-C3B45D9B7110,Can peace these,Nathan Case,3507,19090
TRK-917ECF98D51E,East yes current,Anna Wade,4362,19098
TRK-483931222B29,Hot western away,Jennifer Pena,1446948,9467837
TRK-90A4F7602CAC,Need west,Matthew Drake,727,1931
TRK-370B683FD05F,Design during,Brian Rios,11,11
TRK-C54E2B147CC8,Election understand,Nancy Brooks,662,1999
TRK-C30BA650D1C5,Threat money,Scott Durham,520,1604
TRK-D222E9CDE28D,Able,Mary Manning,13285,64197
TRK-45BF2B47B5DA,Theory,Christopher Romero,2232,8260
TRK-2696A441C61A,Member special pay,Matthew Hart,2274,7686
TRK-4D78C65BCB26,Ready pressure range,Brian Ford,4225,18146
TRK-96A739BBD7BE,Our significant attorney,Daniel Johnson,2082,4879
TRK-B06D6DEEBB60,Sell inside,Michael Scott,20775,74347
TRK-594BB6A5E3BC,Class other type,Erika Duarte,44,150
TRK-1D3AD98C8400,Size out,Richard Harper,11843,214473
TRK-EA0816CF322C,Man project,Jason Washington,2232,16476
TRK-B5F80A1AC025,Sister responsibility,James Bryant,47,152
TRK-361370F0B90C,Education,Gregory Rodriguez,292898,1409256
TRK-C4B5D0B773FD,Pattern lose more,John James,160962,1100014
TRK-BD6DAA7E248A,Time will beautiful peace focus,Brandi Williams,145,917
TRK-A71CFE80255A,Sing,Mary Scott,788347,5058794
TRK-D1838680C1F3,Front central,Martin Ward,11370,67352
TRK-00333E125569,Almost,April Williams,351235,1988257
TRK-912A8F6305AC,Chance,Debra Gibson,27926,236187
TRK-1B3C1DD373FC,Benefit rather,Carrie Green,45,48
TRK-19EAA103D131,Manager why senior,Lorraine Anderson,6,18
TRK-074E385351EE,Young,Katherine Oliver,1240843,16451890
TRK-843ECF904FAA,Loss role everything,Kathy Gallegos,65,79
TRK-9C68157219D3,Hope others,Amy Ortiz,2687,16027
TRK-A760670CBF3E,Western view,Samantha Howard,61,122
TRK-3037728C53DD,Increase suffer,Patricia Taylor,34,35
